Reference Seq,Position,Mutation Type,Sequence Change,Gene,Function,Product,GO Process,GO Component,Mut ID,Details,ILT_MG1655 A0 F0 I1 R1,ILT_MG1655 A1 F61 I1 R1,ILT_MG1655 A1 F61 I2 R1,ILT_MG1655 A1 F61 I8 R1,ILT_MG1655 A2 F67 I1 R1,ILT_MG1655 A2 F67 I2 R1,ILT_MG1655 A2 F67 I3 R1,ILT_MG1655 A3 F63 I6 R1,ILT_MG1655 A3 F63 I9 R1,ILT_MG1655 A3 F63 I10 R1,ILT_MG1655 A4 F84 I5 R1,ILT_MG1655 A4 F84 I7 R1,ILT_MG1655 A4 F84 I10 R1,ILT_MG1655 A9 F86 I2 R1,ILT_MG1655 A9 F86 I4 R1,ILT_MG1655 A9 F86 I8 R1,ILT_MG1655 A10 F86 I1 R1,ILT_MG1655 A10 F86 I8 R1,ILT_MG1655 A10 F86 I9 R1,ILT_MG1655 A11 F90 I1 R1,ILT_MG1655 A11 F90 I5 R1,ILT_MG1655 A11 F90 I10 R1,ILT_MG1655 A12 F91 I3 R1,ILT_MG1655 A12 F91 I7 R1,ILT_MG1655 A12 F91 I8 R1
NC_000913,"4,364,798",SNP,C→T,dsbD,,thiol:disulfide interchange protein and activator of DsbC,,,99840,G82D (GGC→GAC),,,,,,,,,,,,,1.00,,,,,,,,,,,,
NC_000913,"4,366,668",SNP,C→T,dcuA,,C4-dicarboxylate antiporter,,,99841,A36T (GCC→ACC),,,,,,,,,,,,,1.00,,,,,,,,,,,,
NC_000913,"4,371,401",SNP,C→T,groL,,"Cpn60 chaperonin GroEL, large subunit of GroESL",,,99842,A126V (GCT→GTT),,,,,,,,,,,,,1.00,,,,,,,,,,,,
NC_000913,"4,373,421",SNP,C→T,yjeJ,,uncharacterized protein,,,99843,A272T (GCG→ACG),,,,,,,,,,,,,1.00,,,,,,,,,,,,
NC_000913,"4,376,844",SNP,C→T,"ecnB, sugE",,entericidin B membrane lipoprotein/multidrug efflux system protein,,,99844,intergenic (+145/‑31),,,,,,,,,,,,,1.00,,,,,,,,,,,,
NC_000913,"4,380,469",SNP,C→T,frdB,,"fumarate reductase (anaerobic), Fe-S subunit",,,99845,E17K (GAA→AAA),,,,,,,,,,,,,1.00,,,,,,,,,,,,
NC_000913,"4,388,120",SNP,C→T,mscM,,"mechanosensitive channel protein, miniconductance",,,99846,A417A (GCG→GCA),,,,,,,,,,,,,1.00,,,,,,,,,,,,
NC_000913,"4,389,838",SNP,C→T,psd,,phosphatidylserine decarboxylase,,,99847,V175M (GTG→ATG),,,,,,,,,,,,,1.00,,,,,,,,,,,,
NC_000913,"4,401,607",SNP,C→T,hflX,,"GTPase, stimulated by 50S subunit binding; Mn(2+) homeostasis regulator",,,99848,T312T (ACC→ACT),,,,,,,,,,,,,1.00,,,,,,,,,,,,
NC_000913,"4,403,010",SNP,C→T,hflK,,modulator for HflB protease specific for phage lambda cII repressor,,,99849,R325C (CGT→TGT),,,,,,,,,,,,,1.00,,,,,,,,,,,,
NC_000913,"4,407,045",SNP,C→T,rnr,,"exoribonuclease R, RNase R",,,99850,A131V (GCT→GTT),,,,,,,,,,,,,1.00,,,,,,,,,,,,
NC_000913,"4,414,625",SNP,C→T,aidB,,"DNA alkylation damage repair protein; flavin-containing DNA binding protein, weak isovaleryl CoA dehydrogenase",,,99851,R117R (CGC→CGT),,,,,,,,,,,,,1.00,,,,,,,,,,,,
NC_000913,"4,418,862",SNP,C→T,ulaG,,L-ascorbate 6-phosphate lactonase,,,99852,G255D (GGT→GAT),,,,,,,,,,,,,1.00,,,,,,,,,,,,
NC_000913,"4,426,929",SNP,C→T,yjfZ,,uncharacterized protein,,,99853,C165Y (TGC→TAC),,,,,,,,,,,,,1.00,,,,,,,,,,,,
NC_000913,"4,433,459",SNP,C→T,qorB,,NAD(P)H:quinone oxidoreductase,,,99854,G189D (GGC→GAC),,,,,,,,,,,,,1.00,,,,,,,,,,,,
NC_000913,"4,435,124",SNP,C→T,cpdB,,2':3'-cyclic-nucleotide 2'-phosphodiesterase,,,99855,W481* (TGG→TAG),,,,,,,,,,,,,1.00,,,,,,,,,,,,
NC_000913,"4,435,750",SNP,C→T,cpdB,,2':3'-cyclic-nucleotide 2'-phosphodiesterase,,,99856,G272G (GGG→GGA),,,,,,,,,,,,,1.00,,,,,,,,,,,,
NC_000913,"4,451,280",SNP,C→T,ytfR,,putative sugar ABC transporter ATPase,,,99857,P75S (CCG→TCG),,,,,,,,,,,,,1.00,,,,,,,,,,,,
NC_000913,"4,457,392",SNP,C→T,yjgA,,ribosome-associated UPF0307 family protein,,,99858,E158E (GAG→GAA),,,,,,,,,,,,,1.00,,,,,,,,,,,,
NC_000913,"4,482,901",SNP,C→T,valS,,valyl-tRNA synthetase,,,99859,V313M (GTG→ATG),,,,,,,,,,,,,1.00,,,,,,,,,,,,
NC_000913,"4,486,869",SNP,T→A,lptF,,lipopolysaccharide export ABC permease,,,99860,L218M (TTG→ATG),,,,,,,,,,,,,1.00,,,,,,,,,,,,
NC_000913,"4,487,022",SNP,C→T,lptF,,lipopolysaccharide export ABC permease,,,99861,R269C (CGT→TGT),,,,,,,,,,,,,1.00,,,,,,,,,,,,
NC_000913,"4,489,775",SNP,C→T,yjgR,,DUF853 family protein with NTPase fold,,,99862,V97M (GTG→ATG),,,,,,,,,,,,,1.00,,,,,,,,,,,,
NC_000913,"4,494,499",SNP,C→T,"idnD, idnK",,"L-idonate 5-dehydrogenase, NAD-binding/D-gluconate kinase, thermosensitive",,,99863,intergenic (‑93/‑124),,,,,,,,,,,,,1.00,,,,,,,,,,,,
NC_000913,"4,501,500",SNP,C→T,yjgZ,,uncharacterized protein,,,99864,L81L (CTG→TTG),,,,,,,,,,,,,1.00,,,,,,,,,,,,
NC_000913,"4,510,238",SNP,T→G,"yjhV, fecE",,"pseudogene, KpLE2 phage-like element/ferric citrate ABC transporter ATPase",,,99865,intergenic (+105/+452),,,,,,,,,,,,,1.00,,,,,,,,,,,,
NC_000913,"4,517,355",SNP,C→T,fecR,,anti-sigma transmembrane signal transducer for ferric citrate transport; periplasmic FecA-bound ferric citrate sensor and cytoplasmic FecI ECF sigma factor activator,,,99866,Q121Q (CAG→CAA),,,,,,,,,,,,,1.00,,,,,,,,,,,,
NC_000913,"3,179,383",SNP,G→A,tolC,,transport channel,,,99759,K423K (AAG→AAA),,,,,,,,,,,,,1.00,,,,,,,,,,,,
NC_000913,"4,524,596",SNP,C→T,yjhH,,putative lyase/synthase,,,99868,D139N (GAT→AAT),,,,,,,,,,,,,1.00,,,,,,,,,,,,
NC_000913,"4,529,039",SNP,C→T,sgcC,,putative PTS system EIIC permease component,,,99869,G402D (GGT→GAT),,,,,,,,,,,,,1.00,,,,,,,,,,,,
NC_000913,"4,530,797",SNP,C→T,sgcX,,putative endoglucanase with Zn-dependent exopeptidase domain,,,99870,Q285Q (CAG→CAA),,,,,,,,,,,,,1.00,,,,,,,,,,,,
NC_000913,"4,541,261",SNP,C→T,fimB,,tyrosine recombinase/inversion of on/off regulator of fimA,,,99871,A102V (GCT→GTT),,,,,,,,,,,,,1.00,,,,,,,,,,,,
NC_000913,"4,542,042",MOB,IS1 (+) +8 bp,fimE,,tyrosine recombinase/inversion of on/off regulator of fimA,,,99872,coding (6‑13/597 nt),,,,,,,,,,,,,1.00,,,,,,,,,,,,
NC_000913,"4,553,671",SNP,C→T,uxuB,,"D-mannonate oxidoreductase, NAD-dependent",,,99873,F257F (TTC→TTT),,,,,,,,,,,,,1.00,,,,,,,,,,,,
NC_000913,"4,564,385",SNP,C→T,yjiL,,"putative ATPase, activator of (R)-hydroxyglutaryl-CoA dehydratase",,,99874,S102N (AGC→AAC),,,,,,,,,,,,,1.00,,,,,,,,,,,,
NC_000913,"4,570,550",SNP,C→T,yjiR,,putative DNA-binding transcriptional regulator/putative aminotransferase,,,99875,S342N (AGC→AAC),,,,,,,,,,,,,1.00,,,,,,,,,,,,
NC_000913,"4,571,280",SNP,C→T,yjiR,,putative DNA-binding transcriptional regulator/putative aminotransferase,,,99876,E99K (GAG→AAG),,,,,,,,,,,,,1.00,,,,,,,,,,,,
NC_000913,"4,585,673",SNP,C→T,hsdR,,endonuclease R Type I restriction enzyme,,,99877,W363* (TGG→TGA),,,,,,,,,,,,,1.00,,,,,,,,,,,,
NC_000913,"4,587,365",SNP,C→T,mrr,,methylated adenine and cytosine restriction protein,,,99878,S139S (AGC→AGT),,,,,,,,,,,,,1.00,,,,,,,,,,,,
NC_000913,"4,604,517",SNP,C→T,bglJ,,bgl operon transcriptional activator,,,99879,L120L (CTG→TTG),,,,,,,,,,,,,1.00,,,,,,,,,,,,
NC_000913,"4,630,295",SNP,C→T,ettA,,energy-dependent translational throttle A,,,99880,Q76Q (CAG→CAA),,,,,,,,,,,,,1.00,,,,,,,,,,,,
NC_000913,"4,636,925",SNP,G→C,creC,,sensory histidine kinase in two-component regulatory system with CreB or PhoB,,,99881,R77P (CGC→CCC),,,,,,,,,,,,,1.00,,,,,,,,,,,,
NC_000913,"4,638,058",SNP,C→T,creC,,sensory histidine kinase in two-component regulatory system with CreB or PhoB,,,99882,L455L (CTG→TTG),,,,,,,,,,,,,1.00,,,,,,,,,,,,
NC_000913,"4,638,240",SNP,G→A,creD,,inner membrane protein,,,99883,L21L (TTG→TTA),,,,,,,,,,,,,1.00,,,,,,,,,,,,
NC_000913,"1,165,968",SNP,C→T,"ycfP, ndh",,putative UPF0227 family esterase/respiratory NADH dehydrogenase 2/cupric reductase,,,99884,intergenic (+283/‑117),,1.00,,,,,,,,,,,,,,,,,,,,,,,
NC_000913,"1,907,395",MOB,IS1 (–) +9 bp,cspC,,"stress protein, member of the CspA-family",,,99885,coding (33‑41/210 nt),,1.00,,,,,,,,,,,,,,,,,,,,,,,
NC_000913,"2,704,103",SNP,G→T,"rnc, lepB",,RNase III/leader peptidase (signal peptidase I),,,99886,intergenic (‑40/+232),,1.00,,,,,,,,,,,,,,,,,,,,,,,
NC_000913,"2,278,051",SNP,G→A,yejG,,uncharacterized protein,,,99887,Q63* (CAG→TAG),,,,,,,,,,,1.00,,,,,,,,,,,,,,
NC_000913,"3,006,058",SNP,T→C,"ygeV, ygeW",,putative sigma-54-interacting transcriptional activator/putative carbamoyltransferase,,,99888,intergenic (‑272/‑204),,,,,,,,,,,1.00,,,,,,,,,,,,,,
NC_000913,"3,473,622",DEL,Δ1 bp,rpsG,,30S ribosomal subunit protein S7,,,99889,coding (460/540 nt),,,,,,,,,,,1.00,,,,,,,,,,,,,,
NC_000913,"1,979,486",MOB,IS5 (+) +4 bp,"insA, uspC",,IS1 repressor TnpA/universal stress protein,,,37938,intergenic (‑271/‑264),1.00,,,,,,,,,,,,,,,,,,,,,,,,
NC_000913,"2,173,363",DEL,Δ2 bp,"gatC, gatC",,"pseudogene, galactitol-specific enzyme IIC component of PTS;transport; Transport of small molecules: Carbohydrates, organic acids, alcohols; PTS system galactitol-specific enzyme IIC/pseudogene, galactitol-specific enzyme IIC component of PTS;transport; Transport of small molecules: Carbohydrates, organic acids, alcohols; PTS system galactitol-specific enzyme IIC",,,37939,intergenic (‑1/+1),1.00,1.00,1.00,1.00,1.00,1.00,1.00,1.00,1.00,1.00,1.00,1.00,1.00,1.00,1.00,1.00,1.00,1.00,1.00,1.00,1.00,1.00,1.00,1.00,1.00
NC_000913,"3,560,455",INS,+G,"glpR, glpR",,"pseudogene, DNA-binding transcriptional repressor;regulator; Energy metabolism, carbon: Anaerobic respiration; repressor of the glp operon/pseudogene, DNA-binding transcriptional repressor;regulator; Energy metabolism, carbon: Anaerobic respiration; repressor of the glp operon",,,37945,intergenic (‑2/+1),1.00,1.00,1.00,1.00,1.00,1.00,1.00,1.00,1.00,1.00,1.00,1.00,1.00,1.00,1.00,1.00,1.00,1.00,1.00,1.00,1.00,1.00,1.00,1.00,1.00
NC_000913,"4,296,381",INS,+GC,"gltP, yjcO",,glutamate/aspartate:proton symporter/Sel1 family TPR-like repeat protein,,,37947,intergenic (+587/+55),1.00,1.00,1.00,1.00,1.00,1.00,1.00,1.00,1.00,1.00,1.00,1.00,1.00,1.00,1.00,1.00,1.00,1.00,1.00,1.00,1.00,1.00,1.00,1.00,1.00
NC_000913,"377,474",SNP,C→T,"yaiL, frmB",,DUF2058 family protein/S-formylglutathione hydrolase,,,78396,intergenic (+163/+61),,,,,,,,,,,,,1.00,,,,,,,,,,,,
NC_000913,"377,478",SNP,C→T,"yaiL, frmB",,DUF2058 family protein/S-formylglutathione hydrolase,,,78397,intergenic (+167/+57),,,,,,,,,,,,,1.00,,,,,,,,,,,,
NC_000913,"377,492",SNP,G→A,"yaiL, frmB",,DUF2058 family protein/S-formylglutathione hydrolase,,,78398,intergenic (+181/+43),,,,,,,,,,,,,1.00,,,,,,,,,,,,
NC_000913,"1,299,499",DEL,"Δ1,199 bp","ychE, oppA",,UPF0056 family inner membrane protein/oligopeptide ABC transporter periplasmic binding protein,,,26191,intergenic (+254/‑485),,,1.00,,,,,,,,,,1.00,,,,,,,,,,,,
NC_000913,"3,725,176",SNP,T→G,glyQ,,"glycine tRNA synthetase, alpha subunit",,,85605,E48A (GAG→GCG),,,,,,,,,,,,,1.00,,,,,,,,,,,,
NC_000913,"3,966,598",SNP,G→A,rho,,transcription termination factor,,,43141,G61E (GGA→GAA),,,,,,,,,,,,,1.00,,,,,,,,,,,,
NC_000913,"4,524,401",SNP,C→T,yjhH,,putative lyase/synthase,,,99867,G204S (GGC→AGC),,,,,,,,,,,,,1.00,,,,,,,,,,,,
NC_000913,"3,588,787",SNP,G→A,ugpC,,sn-glycerol-3-phosphate ABC transporter ATPase,,,99785,P132S (CCG→TCG),,,,,,,,,,,,,1.00,,,,,,,,,,,,
NC_000913,"1,196,220",SNP,C→T,icd,,isocitrate dehydrogenase; e14 prophage attachment site; tellurite reductase,,,40636,H366H (CAC→CAT),,,1.00,,,,,,,,,,,,,,,,,,,,,,
NC_000913,"1,643,679",SNP,A→T,ydfU,,Qin prophage; uncharacterized protein,,,99701,L209Q (CTG→CAG),,,,,,,,,,,,,1.00,,,,,,,,,,,,
NC_000913,"4,322,605",SNP,C→T,phnE,,defective phosphonate ABC transporter permease;transport; Transport of small molecules: Anions; membrane channel protein component of Pn transporter; membrane component of ABC superfamily,,,99830,pseudogene (210/372 nt),,,,,,,,,,,,,1.00,,,,,,,,,,,,
NC_000913,"3,207,549",DEL,Δ1 bp,ttdB,,"L-tartrate dehydratase, beta subunit",,,99762,coding (179/606 nt),,,,,,,,,,,,,1.00,,,,,,,,,,,,
NC_000913,"1,673,557",DEL,Δ120 bp,"mdtJ, tqsA",,multidrug efflux system transporter/pheromone AI-2 transporter,,,99602,intergenic (‑56/‑237),,1.00,1.00,1.00,1.00,1.00,1.00,1.00,1.00,1.00,1.00,1.00,,1.00,1.00,1.00,,1.00,1.00,1.00,1.00,1.00,1.00,1.00,1.00
NC_000913,"2,420,002",SNP,C→T,yfcF,,glutathione S-transferase,,,99603,G162S (GGT→AGT),,,,1.00,,,,,,,,,,,,,,,,,,,,,
NC_000913,"3,368,214",SNP,C→T,yhcG,,DUF1016 family protein in the PD-(D/E)XK nuclease superfamily,,,99604,Q130* (CAG→TAG),,,1.00,1.00,1.00,1.00,,,,,,,,,,,,,,,,,,,
NC_000913,"3,862,230",SNP,G→C,glvC,,"pseudogene, arbutin specific enzyme IIC component of PTS;enzyme; Transport of small molecules: Carbohydrates, organic acids, alcohols; PTS system, arbutin-like IIB component; PTS system, arbutin-like IIC component",,,99605,pseudogene (1374/1617 nt),,,,1.00,,,,,,,,,,,,,,,,,,,,,
NC_000913,"4,188,572",SNP,C→A,rpoC,,"RNA polymerase, beta prime subunit",,,99606,R1075S (CGT→AGT),,,1.00,1.00,1.00,1.00,,,,,,,,,,,,,,,,,,,
NC_000913,"3,815,883",INS,+C,rph,,ribonuclease PH (defective);enzyme; Degradation of RNA; RNase PH,,,99607,pseudogene (667/669 nt),,,,,,,,,,,,,1.00,,,,,1.00,1.00,,,,,,
NC_000913,"962,358",SNP,G→C,rpsA,,30S ribosomal subunit protein S1,,,99608,V122L (GTT→CTT),,,,,,,1.00,,1.00,,1.00,1.00,,,,,,,,,,,,,
NC_000913,"1,151,759",SNP,G→A,acpP,,acyl carrier protein (ACP),,,99609,E49K (GAA→AAA),,,,,,,1.00,1.00,1.00,1.00,1.00,1.00,,,,,,,,,,,,,
NC_000913,"1,307,744",DEL,Δ1 bp,clsA,,cardiolipin synthase 1,,,99610,coding (902/1461 nt),,,,,,,1.00,1.00,1.00,1.00,1.00,1.00,,,,,,,,,,,,,
NC_000913,"1,674,769",DEL,Δ12 bp,tqsA,,pheromone AI-2 transporter,,,99611,coding (857‑868/1035 nt),,,,,,,1.00,1.00,1.00,1.00,1.00,1.00,,,,,,,,,,,,,
NC_000913,"2,610,107",SNP,G→A,hyfG,,"hydrogenase 4, subunit",,,99612,E541K (GAG→AAG),,,,,,,1.00,1.00,1.00,1.00,1.00,1.00,,,,,,,,,,,,,
NC_000913,"3,247,487",INS,+A,"exuR, yqjA",,hexuronate regulon transcriptional repressor; autorepressor/general envelope maintenance protein; DedA family inner membrane protein; putative multidrug efflux transporter,,,99613,intergenic (+59/‑286),,,,,,,1.00,1.00,1.00,1.00,1.00,1.00,,,,,,,,,,,,,
NC_000913,"3,395,612",INS,(TGGAGCC)1→2,yhdP,,DUF3971-AsmA2 domains protein,,,99614,coding (647/3801 nt),,,,,,,1.00,,1.00,,1.00,1.00,,,,,,,,,,,,,
NC_000913,"4,187,667",SNP,T→A,rpoC,,"RNA polymerase, beta prime subunit",,,99615,F773Y (TTC→TAC),,,,,,,1.00,1.00,1.00,1.00,1.00,1.00,,,,,,,,,,,,,
NC_000913,"4,213,051",SNP,A→C,rrfE,,5S ribosomal RNA of rrnE operon,,,99616,noncoding (12/120 nt),,,,,,,1.00,1.00,1.00,1.00,1.00,1.00,,,,,,,,,,,,,
NC_000913,"2,428,520",SNP,A→G,ubiX,,3-octaprenyl-4-hydroxybenzoate carboxy-lyase,,,99617,M36T (ATG→ACG),,,,,1.00,,,,,,,,,,,,,,,,,,,,
NC_000913,"1,862,476",SNP,T→C,"msrB, gapA",,methionine sulfoxide reductase B/glyceraldehyde-3-phosphate dehydrogenase A,,,99618,intergenic (‑47/‑295),,,,,,,,,1.00,,,,,,,,,,,,,,,,
NC_000913,"3,396,058",DEL,Δ2 bp,yhdP,,DUF3971-AsmA2 domains protein,,,99619,coding (200‑201/3801 nt),,,,,,,,,,1.00,,,,,,,,,,,,,,,
NC_000913,"1,134,842",SNP,C→T,flgG,,flagellar component of cell-distal portion of basal-body rod,,,99620,R38R (CGC→CGT),,,,,,,,,,,,,,,,,,,,,,,,,1.00
NC_000913,"1,147,604",SNP,C→T,"rpmF, plsX",,50S ribosomal subunit protein L32/putative phosphate acyltransferase,,,99621,intergenic (+64/‑17),,,,,,,,,,,,,,,,,,,,,,,,,1.00
NC_000913,"1,907,327",SNP,G→A,cspC,,"stress protein, member of the CspA-family",,,99622,Q37* (CAG→TAG),,,,,,,,,,,,,,,,,,,,,,,,,1.00
NC_000913,"2,413,638",MOB,IS5 (–) +4 bp,ackA,,acetate kinase A and propionate kinase 2,,,99623,coding (169‑172/1203 nt),,,,,,,,,,,,,,,,,,,,,,,,,1.00
NC_000913,"3,267,610",SNP,C→A,"tdcR, yhaB",,L-threonine dehydratase operon activator protein/uncharacterized protein,,,99624,intergenic (+12/‑244),,,,,,,,,,,,,,,,,,,,,,,,,1.00
NC_000913,"4,186,425",SNP,C→T,rpoC,,"RNA polymerase, beta prime subunit",,,99625,P359L (CCA→CTA),,,,,,,,,,,,,,,,,,,,,,,,,1.00
NC_000913,"363,400",DEL,Δ1 bp,lacZ,,beta-D-galactosidase,,,99626,coding (2906/3075 nt),,,,,,,,1.00,,,,,,,,,,,,,,,,,
NC_000913,"889,489",MOB,IS5 (+) +4 bp,ybjL,,putative transporter,,,99627,coding (328‑331/1686 nt),,,,,,,,1.00,,,,,,,,,,,,,,,,,
NC_000913,"3,393,816",MOB,IS5 (–) +4 bp,yhdP,,DUF3971-AsmA2 domains protein,,,99628,coding (2440‑2443/3801 nt),,,,,,,,1.00,,,,,,,,,,,,,,,,,
NC_000913,"1,903",SNP,G→A,thrA,,Bifunctional aspartokinase/homoserine dehydrogenase 1,,,99629,E523K (GAA→AAA),,,,,,,,,,,,,1.00,,,,,,,,,,,,
NC_000913,"10,696",SNP,C→T,yaaW,,UPF0174 family protein,,,99630,A221T (GCC→ACC),,,,,,,,,,,,,1.00,,,,,,,,,,,,
NC_000913,"23,501",SNP,C→T,ileS,,isoleucyl-tRNA synthetase,,,99631,L371L (CTG→TTG),,,,,,,,,,,,,1.00,,,,,,,,,,,,
NC_000913,"31,683",SNP,C→T,carB,,carbamoyl-phosphate synthase large subunit,,,99632,N289N (AAC→AAT),,,,,,,,,,,,,1.00,,,,,,,,,,,,
NC_000913,"42,108",SNP,G→A,"caiT, fixA",,putative transporter/anaerobic carnitine reduction putative electron transfer flavoprotein subunit,,,99633,intergenic (‑177/‑295),,,,,,,,,,,,,1.00,,,,,,,,,,,,
NC_000913,"59,968",SNP,C→T,rluA,,"dual specificity 23S rRNA pseudouridine(746), tRNA pseudouridine(32) synthase, SAM-dependent",,,99634,V127I (GTC→ATC),,,,,,,,,,,,,1.00,,,,,,,,,,,,
NC_000913,"76,249",SNP,G→A,sgrR,,transcriptional DNA-binding transcriptional activator of sgrS sRNA,,,99635,Q351* (CAA→TAA),,,,,,,,,,,,,1.00,,,,,,,,,,,,
NC_000913,"88,571",SNP,G→A,cra,,transcriptional repressor-activator for carbon metabolism,,,99636,V182M (GTG→ATG),,,,,,,,,,,,,1.00,,,,,,,,,,,,
NC_000913,"113,695",SNP,G→A,guaC,,GMP reductase,,,99637,W84* (TGG→TGA),,,,,,,,,,,,,1.00,,,,,,,,,,,,
NC_000913,"156,068",SNP,A→G,yadV,,putative periplasmic pilin chaperone,,,99638,V45A (GTA→GCA),,,,,,,,,,,,,1.00,,,,,,,,,,,,
NC_000913,"157,585",SNP,C→T,folK,,2-amino-4-hydroxy-6-hydroxymethyldihyropteridine pyrophosphokinase,,,99639,D50N (GAT→AAT),,,,,,,,,,,,,1.00,,,,,,,,,,,,
NC_000913,"276,899",SNP,G→A,mmuM,,CP4-6 prophage; S-methylmethionine:homocysteine methyltransferase,,,99640,G62E (GGG→GAG),,,,,,,,,,,,,1.00,,,,,,,,,,,,
NC_000913,"281,291",SNP,G→A,yagA,,CP4-6 prophage; putative DNA-binding transcriptional regulator,,,99641,I231I (ATC→ATT),,,,,,,,,,,,,1.00,,,,,,,,,,,,
NC_000913,"283,338",SNP,G→A,yagF,,CP4-6 prophage; dehydratase family protein,,,99642,M46I (ATG→ATA),,,,,,,,,,,,,1.00,,,,,,,,,,,,
NC_000913,"284,535",SNP,T→G,yagF,,CP4-6 prophage; dehydratase family protein,,,99643,A445A (GCT→GCG),,,,,,,,,,,,,1.00,,,,,,,,,,,,
NC_000913,"286,569",SNP,G→A,yagG,,CP4-6 prophage; putative sugar transporter,,,99644,S392N (AGC→AAC),,,,,,,,,,,,,1.00,,,,,,,,,,,,
NC_000913,"290,175",SNP,G→A,argF,,"ornithine carbamoyltransferase 2, chain F; CP4-6 prophage",,,99645,T44I (ACC→ATC),,,,,,,,,,,,,1.00,,,,,,,,,,,,
NC_000913,"292,433",SNP,G→A,yagK,,CP4-6 prophage; conserved protein,,,99646,F172F (TTC→TTT),,,,,,,,,,,,,1.00,,,,,,,,,,,,
NC_000913,"295,082",MOB,IS5 (–) +4 bp,"yagM, yagN",,CP4-6 prophage; uncharacterized protein/CP4-6 prophage; uncharacterized protein,,,99647,intergenic (‑283/+54),,,,,,,,,,,,,1.00,,,,,,,,,,,,
NC_000913,"298,441",SNP,G→A,paoD,,moco insertion factor for PaoABC aldehyde oxidoreductase,,,99648,R96C (CGC→TGC),,,,,,,,,,,,,1.00,,,,,,,,,,,,
NC_000913,"303,541",SNP,G→A,yagU,,DUF1440 family inner membrane acid resistance protein,,,99649,R184K (AGA→AAA),,,,,,,,,,,,,1.00,,,,,,,,,,,,
NC_000913,"306,023",SNP,G→A,ecpD,,polymerized tip adhesin of ECP fibers,,,99650,T265T (ACC→ACT),,,,,,,,,,,,,1.00,,,,,,,,,,,,
NC_000913,"311,717",SNP,G→A,"ecpR, ykgL",,putative transcriptional regulator for the ecp operon/uncharacterized protein,,,99651,intergenic (‑381/‑395),,,,,,,,,,,,,1.00,,,,,,,,,,,,
NC_000913,"312,865",SNP,G→A,"ykgM, ykgR",,50S ribosomal protein L31 type B; alternative zinc-limitation L31 protein/uncharacterized protein,,,99652,intergenic (‑88/+276),,,,,,,,,,,,,1.00,,,,,,,,,,,,
NC_000913,"313,543",SNP,G→A,"ykgR, ykgP",,"uncharacterized protein/pseudogene, oxidoreductase family",,,99653,intergenic (‑301/+173),,,,,,,,,,,,,1.00,,,,,,,,,,,,
NC_000913,"317,788",SNP,C→T,rclC,,reactive chlorine species (RCS) stress resistance inner membrane protein,,,99654,A178T (GCG→ACG),,,,,,,,,,,,,1.00,,,,,,,,,,,,
NC_000913,"325,394",SNP,G→A,"ykgH, betA",,"putative inner membrane protein/choline dehydrogenase, a flavoprotein",,,99655,intergenic (‑30/+183),,,,,,,,,,,,,1.00,,,,,,,,,,,,
NC_000913,"327,999",SNP,G→A,betB,,"betaine aldehyde dehydrogenase, NAD-dependent",,,99656,S245S (TCC→TCT),,,,,,,,,,,,,1.00,,,,,,,,,,,,
NC_000913,"331,879",SNP,G→A,"betT, yahA",,choline transporter of high affinity/c-di-GMP-specific phosphodiesterase,,,99657,intergenic (+383/‑492),,,,,,,,,,,,,1.00,,,,,,,,,,,,
NC_000913,"338,656",SNP,G→A,yahG,,DUF1116 family protein,,,99658,C111Y (TGC→TAC),,,,,,,,,,,,,1.00,,,,,,,,,,,,
NC_000913,"340,202",SNP,G→A,yahI,,carbamate kinase-like protein,,,99659,S13N (AGC→AAC),,,,,,,,,,,,,1.00,,,,,,,,,,,,
NC_000913,"340,248",SNP,G→A,yahI,,carbamate kinase-like protein,,,99660,E28E (GAG→GAA),,,,,,,,,,,,,1.00,,,,,,,,,,,,
NC_000913,"343,523",SNP,G→A,yahK,,"broad specificity NADPH-dependent aldehyde reductase, Zn-containing",,,99661,A214T (GCA→ACA),,,,,,,,,,,,,1.00,,,,,,,,,,,,
NC_000913,"349,013",SNP,G→A,prpB,,2-methylisocitrate lyase,,,99662,G111E (GGA→GAA),,,,,,,,,,,,,1.00,,,,,,,,,,,,
NC_000913,"358,484",SNP,G→A,cynR,,transcriptional activator of cyn operon; autorepressor,,,99663,S69S (AGC→AGT),,,,,,,,,,,,,1.00,,,,,,,,,,,,
NC_000913,"358,962",SNP,G→A,cynT,,carbonic anhydrase,,,99664,G55D (GGC→GAC),,,,,,,,,,,,,1.00,,,,,,,,,,,,
NC_000913,"362,730",SNP,G→A,lacY,,lactose permease,,,99665,G150G (GGC→GGT),,,,,,,,,,,,,1.00,,,,,,,,,,,,
NC_000913,"365,307",SNP,G→A,lacZ,,beta-D-galactosidase,,,99666,F333F (TTC→TTT),,,,,,,,,,,,,1.00,,,,,,,,,,,,
NC_000913,"367,812",SNP,G→A,mhpR,,mhp operon transcriptional activator,,,99667,G203G (GGC→GGT),,,,,,,,,,,,,1.00,,,,,,,,,,,,
NC_000913,"377,450",SNP,T→A,"yaiL, frmB",,DUF2058 family protein/S-formylglutathione hydrolase,,,99668,intergenic (+139/+85),,,,,,,,,,,,,1.00,,,,,,,,,,,,
NC_000913,"390,087",SNP,G→A,"hemB, yaiT",,"5-aminolevulinate dehydratase (porphobilinogen synthase)/pseudogene, autotransporter family;putative structure; Not classified; interrupted by IS3; putative flagellin structural protein",,,99669,intergenic (‑360/‑164),,,,,,,,,,,,,1.00,,,,,,,,,,,,
NC_000913,"466,148",SNP,G→A,ybaE,,putative ABC transporter periplasmic binding protein,,,99670,P389S (CCA→TCA),,,,,,,,,,,,,1.00,,,,,,,,,,,,
NC_000913,"469,271",SNP,G→A,mdlA,,putative multidrug ABC transporter ATPase,,,99671,G134E (GGG→GAG),,,,,,,,,,,,,1.00,,,,,,,,,,,,
NC_000913,"480,295",SUB,2 bp→AA,hha,,"modulator of gene expression, with H-NS",,,99672,coding (13‑14/219 nt),,,,,,,,,,,,,1.00,,,,,,,,,,,,
NC_000913,"502,232",SNP,G→A,ybaL,,inner membrane putative NAD(P)-binding transporter,,,99673,T336I (ACC→ATC),,,,,,,,,,,,,1.00,,,,,,,,,,,,
NC_000913,"662,269",SNP,C→T,lipB,,octanoyltransferase; octanoyl-[ACP]:protein N-octanoyltransferase,,,99674,D4N (GAT→AAT),,,,,,,,,,,,,1.00,,,,,,,,,,,,
NC_000913,"784,677",SNP,G→A,zitB,,zinc efflux system,,,99675,A49A (GCC→GCT),,,,,,,,,,,,,1.00,,,,,,,,,,,,
NC_000913,"881,531",SNP,A→T,dacC,,D-alanyl-D-alanine carboxypeptidase; penicillin-binding protein 6a,,,99676,I269F (ATC→TTC),,,,,,,,,,,,,1.00,,,,,,,,,,,,
NC_000913,"1,091,173",MOB,IS5 (–) +4 bp,pgaA,,"biofilm adhesin polysaccharide PGA secretin; OM porin; poly-beta-1,6-N-acetyl-D-glucosamine export protein",,,99677,coding (1114‑1117/2424 nt),,,,,,,,,,,,,1.00,,,,,,,,,,,,
NC_000913,"1,147,196",SNP,C→T,yceD,,DUF177 family protein,,,99678,P135S (CCG→TCG),,,,,,,,,,,,,1.00,,,,,,,,,,,,
NC_000913,"1,148,873",SNP,A→C,fabH,,3-oxoacyl-[acyl-carrier-protein] synthase III,,,99679,I39L (ATC→CTC),,,,,,,,,,,,,1.00,,,,,,,,,,,,
NC_000913,"1,156,913",SNP,G→A,ycfH,,putative DNase,,,99680,G46D (GGT→GAT),,,,,,,,,,,,,1.00,,,,,,,,,,,,
NC_000913,"1,169,836",SNP,A→G,ldtC,,"L,D-transpeptidase linking Lpp to murein",,,99681,L180P (CTG→CCG),,,,,,,,,,,,,1.00,,,,,,,,,,,,
NC_000913,"1,189,980",SNP,A→G,phoP,,response regulator in two-component regulatory system with PhoQ,,,99682,T156T (ACT→ACC),,,,,,,,,,,,,1.00,,,,,,,,,,,,
NC_000913,"1,190,776",SNP,T→G,purB,,adenylosuccinate lyase,,,99683,K404T (AAG→ACG),,,,,,,,,,,,,1.00,,,,,,,,,,,,
NC_000913,"1,191,644",SNP,C→T,purB,,adenylosuccinate lyase,,,99684,E115K (GAA→AAA),,,,,,,,,,,,,1.00,,,,,,,,,,,,
NC_000913,"1,199,869",MOB,IS3 (+) +3 bp,intE,,e14 prophage; putative integrase,,,99685,coding (936‑938/1128 nt),,,,,,,,,,,,,1.00,,,,,,,,,,,,
NC_000913,"1,282,627",SNP,C→T,narG,,"nitrate reductase 1, alpha subunit",,,99686,Q922* (CAG→TAG),,,,,,,,,,,,,1.00,,,,,,,,,,,,
NC_000913,"1,290,669",SNP,G→A,rssB,,PcnB-degradosome interaction factor; response regulator,,,99687,W143* (TGG→TAG),,,,,,,,,,,,,1.00,,,,,,,,,,,,
NC_000913,"1,297,496",SNP,G→A,adhE,,fused acetaldehyde-CoA dehydrogenase/iron-dependent alcohol dehydrogenase/pyruvate-formate lyase deactivase,,,99688,A209V (GCT→GTT),,,,,,,,,,,,,1.00,,,,,,,,,,,,
NC_000913,"1,301,992",SNP,A→T,oppA,,oligopeptide ABC transporter periplasmic binding protein,,,99689,N271Y (AAT→TAT),,,,,,,,,,,,,1.00,,,,,,,,,,,,
NC_000913,"1,306,736",SNP,T→G,oppF,,oligopeptide ABC transporter ATPase,,,99690,S325A (TCC→GCC),,,,,,,,,,,,,1.00,,,,,,,,,,,,
NC_000913,"1,308,693",MOB,IS1 (–) +9 bp,"clsA, yciY",,cardiolipin synthase 1/uncharacterized protein,,,99691,intergenic (‑48/‑87),,,,,,,,,,,,,1.00,,,,,,,,,,,,
NC_000913,"1,311,610",SUB,2 bp→AG,tonB,,membrane spanning protein in TonB-ExbB-ExbD transport complex,,,99692,coding (522‑523/720 nt),,,,,,,,,,,,,1.00,,,,,,,,,,,,
NC_000913,"1,322,759",SNP,G→A,trpE,,component I of anthranilate synthase,,,99693,A63V (GCT→GTT),,,,,,,,,,,,,1.00,,,,,,,,,,,,
NC_000913,"1,337,394",SNP,A→G,acnA,,aconitate hydratase 1; aconitase A,,,99694,S522G (AGC→GGC),,,,,,,,,,,,,1.00,,,,,,,,,,,,
NC_000913,"1,358,859",SNP,T→C,puuP,,putrescine importer,,,99695,Y110C (TAT→TGT),,,,,,,,,,,,,1.00,,,,,,,,,,,,
NC_000913,"1,384,652",SNP,A→G,ycjX,,"DUF463 family protein, puatative P-loop NTPase",,,99696,D179G (GAC→GGC),,,,,,,,,,,,,1.00,,,,,,,,,,,,
NC_000913,"1,399,590",MOB,IS5 (+) +4 bp,"fnr, ogt",,oxygen-sensing anaerobic growth regulon transcriptional regulator FNR; autorepressor/O-6-alkylguanine-DNA:cysteine-protein methyltransferase,,,99697,intergenic (‑64/+128),,,,,,,,,,,,,1.00,,,,,,,,,,,,
NC_000913,"1,401,893",SNP,G→A,abgB,,"p-aminobenzoyl-glutamate hydrolase, B subunit",,,99698,Q455* (CAA→TAA),,,,,,,,,,,,,1.00,,,,,,,,,,,,
NC_000913,"1,453,992",SNP,G→A,paaA,,"ring 1,2-phenylacetyl-CoA epoxidase subunit",,,99699,W22* (TGG→TGA),,,,,,,,,,,,,1.00,,,,,,,,,,,,
NC_000913,"1,597,364",SNP,T→C,yneO,,"pseudogene, AidA homolog",,,99700,pseudogene (624/3861 nt),,,,,,,,,,,,,1.00,,,,,,,,,,,,
NC_000913,"1,907,448",MOB,IS5 (–) +4 bp,yobF,,DUF2527 family heat-induced protein,,,43381,coding (141‑144/144 nt),,,1.00,1.00,1.00,1.00,,,,,,,,,,,,,,,,,,,
NC_000913,"1,652,331",SNP,T→C,intQ,,"pseudogene, Qin prophage; phage integrase family;Phage or Prophage Related",,,99702,pseudogene (781/1158 nt),,,,,,,,,,,,,1.00,,,,,,,,,,,,
NC_000913,"1,776,100",SNP,G→A,ydiF,,putative acetyl-CoA:acetoacetyl-CoA transferase: alpha subunit/beta subunit,,,99703,E172K (GAA→AAA),,,,,,,,,,,,,1.00,,,,,,,,,,,,
NC_000913,"1,894,839",SNP,T→C,pabB,,"aminodeoxychorismate synthase, subunit I",,,99704,L12P (CTC→CCC),,,,,,,,,,,,,1.00,,,,,,,,,,,,
NC_000913,"1,907,411",SNP,T→G,cspC,,"stress protein, member of the CspA-family",,,99705,K9Q (AAG→CAG),,,,,,,,,,,,,1.00,,,,,,,,,,,,
NC_000913,"1,909,925",MOB,IS5 (+) +4 bp,kdgR,,KDG regulon transcriptional repressor,,,99706,coding (172‑175/792 nt),,,,,,,,,,,,,1.00,,,,,,,,,,,,
NC_000913,"1,955,010",SNP,G→A,torZ,,"trimethylamine N-oxide reductase system III, catalytic subunit",,,99707,D666D (GAC→GAT),,,,,,,,,,,,,1.00,,,,,,,,,,,,
NC_000913,"1,994,637",SNP,A→G,uvrC,,"excinuclease UvrABC, endonuclease subunit",,,99708,Y24H (TAC→CAC),,,,,,,,,,,,,1.00,,,,,,,,,,,,
NC_000913,"2,040,433",SNP,C→A,yedY,,"membrane-anchored, periplasmic TMAO, DMSO reductase",,,99709,A319D (GCC→GAC),,,,,,,,,,,,,1.00,,,,,,,,,,,,
NC_000913,"2,041,411",SNP,G→A,zinT,,"zinc and cadmium binding protein, periplasmic",,,99710,G13S (GGT→AGT),,,,,,,,,,,,,1.00,,,,,,,,,,,,
NC_000913,"2,046,506",SNP,G→T,yeeJ,,putative adhesin,,,99711,V523V (GTG→GTT),,,,,,,,,,,,,1.00,,,,,,,,,,,,
NC_000913,"2,085,319",SNP,G→A,yeeE,,UPF0394 family inner membrane protein,,,99712,A69A (GCC→GCT),,,,,,,,,,,,,1.00,,,,,,,,,,,,
NC_000913,"2,086,634",SNP,G→A,plaP,,"putrescine importer, low affinity",,,99713,A143A (GCC→GCT),,,,,,,,,,,,,1.00,,,,,,,,,,,,
NC_000913,"2,103,891",SNP,G→A,wbbK,,lipopolysaccharide biosynthesis protein,,,99714,P207S (CCA→TCA),,,,,,,,,,,,,1.00,,,,,,,,,,,,
NC_000913,"2,111,259",DEL,Δ1 bp,rfbD,,"dTDP-L-rhamnose synthase, NAD(P)-dependent dTDP-4-dehydrorhamnose reductase subunit",,,99715,coding (718/900 nt),,,,,,,,,,,,,1.00,,,,,,,,,,,,
NC_000913,"2,122,908",SNP,G→A,cpsG,,phosphomannomutase,,,99716,I24I (ATC→ATT),,,,,,,,,,,,,1.00,,,,,,,,,,,,
NC_000913,"2,134,498",SNP,G→A,wzc,,colanic acid production tyrosine-protein kinase; autokinase; Ugd phosphorylase,,,99717,V385V (GTC→GTT),,,,,,,,,,,,,1.00,,,,,,,,,,,,
NC_000913,"2,137,543",SNP,G→A,"wza, yegH",,colanic acid export protein; outer membrane auxillary lipoprotein/inner membrane protein,,,99718,intergenic (‑300/‑359),,,,,,,,,,,,,1.00,,,,,,,,,,,,
NC_000913,"2,173,448",SNP,C→T,gatC,,"pseudogene, galactitol-specific enzyme IIC component of PTS;transport; Transport of small molecules: Carbohydrates, organic acids, alcohols; PTS system galactitol-specific enzyme IIC",,,99719,pseudogene (831/914 nt),,,,,,,,,,,,,1.00,,,,,,,,,,,,
NC_000913,"2,174,359",MOB,IS5 (+) +4 bp,gatB,,galactitol-specific enzyme IIB component of PTS,,,99720,coding (205‑208/285 nt),,,,,,,,,,,,,1.00,,,,,,,,,,,,
NC_000913,"2,188,087",SNP,T→C,yehA,,putative fimbrial-like adhesin protein,,,99721,T110A (ACG→GCG),,,,,,,,,,,,,1.00,,,,,,,,,,,,
NC_000913,"2,329,209",SNP,A→G,yfaQ,,"tandem DUF2300 domain protein, putative host defense protein",,,99722,W197R (TGG→CGG),,,,,,,,,,,,,1.00,,,,,,,,,,,,
NC_000913,"2,339,162",SNP,C→T,gyrA,,"DNA gyrase (type II topoisomerase), subunit A",,,99723,D87N (GAC→AAC),,,,,,,,,,,,,1.00,,,,,,,,,,,,
NC_000913,"2,384,808",SNP,C→T,yfbK,,Von Willebrand factor domain putative lipoprotein,,,99724,K305K (AAG→AAA),,,,,,,,,,,,,1.00,,,,,,,,,,,,
NC_000913,"2,410,419",SNP,G→A,yfbS,,putative transporter,,,99725,L312L (CTG→TTG),,,,,,,,,,,,,1.00,,,,,,,,,,,,
NC_000913,"2,484,827",SNP,C→T,evgS,,hybrid sensory histidine kinase in two-component regulatory system with EvgA,,,99726,L152F (CTT→TTT),,,,,,,,,,,,,1.00,,,,,,,,,,,,
NC_000913,"2,510,609",SNP,C→T,yfeO,,putative ion channel protein,,,99727,P327L (CCG→CTG),,,,,,,,,,,,,1.00,,,,,,,,,,,,
NC_000913,"2,587,112",SNP,C→T,narQ,,sensory histidine kinase in two-component regulatory system with NarP,,,99728,A461V (GCA→GTA),,,,,,,,,,,,,1.00,,,,,,,,,,,,
NC_000913,"2,598,893",SNP,C→T,dapA,,dihydrodipicolinate synthase,,,99729,G290S (GGT→AGT),,,,,,,,,,,,,1.00,,,,,,,,,,,,
NC_000913,"2,732,992",SNP,G→A,clpB,,protein disaggregation chaperone,,,99730,I394I (ATC→ATT),,,,,,,,,,,,,1.00,,,,,,,,,,,,
NC_000913,"2,804,133",SNP,C→T,nrdF,,"ribonucleoside-diphosphate reductase 2, beta subunit, ferritin-like protein",,,99731,S211F (TCT→TTT),,,,,,,,,,,,,1.00,,,,,,,,,,,,
NC_000913,"2,814,459",DEL,Δ1 bp,luxS,,S-ribosylhomocysteine lyase,,,99732,coding (275/516 nt),,,,,,,,,,,,,1.00,,,,,,,,,,,,
NC_000913,"2,814,461",SNP,C→T,luxS,,S-ribosylhomocysteine lyase,,,99733,L91L (CTG→CTA),,,,,,,,,,,,,1.00,,,,,,,,,,,,
NC_000913,"2,817,197",SNP,G→A,yqaB,,fructose-1-P and 6-phosphogluconate phosphatase,,,99734,R103C (CGC→TGC),,,,,,,,,,,,,1.00,,,,,,,,,,,,
NC_000913,"2,823,288",SNP,C→T,recA,,DNA recombination and repair protein; ssDNA-dependent ATPase; synaptase; ssDNA and dsDNA binding protein; ATP-dependent homologous DNA strand exchanger; recombinase A; LexA autocleavage cofactor,,,99735,G161D (GGC→GAC),,,,,,,,,,,,,1.00,,,,,,,,,,,,
NC_000913,"2,867,454",SNP,T→A,rpoS,,"RNA polymerase, sigma S (sigma 38) factor",,,99736,Q33L (CAG→CTG),,,,,,,,,,,,,1.00,,,,,,,,,,,,
NC_000913,"2,871,153",SNP,T→G,truD,,tRNA(Glu) pseudouridine(13) synthase,,,99737,N51T (AAC→ACC),,,,,,,,,,,,,1.00,,,,,,,,,,,,
NC_000913,"1,978,503",DEL,Δ776 bp,"insB1,insA",,"insB1,insA",,,83866,,,1.00,1.00,1.00,,1.00,1.00,1.00,1.00,1.00,1.00,1.00,1.00,1.00,1.00,1.00,1.00,,1.00,1.00,,1.00,1.00,,1.00
NC_000913,"2,926,772",SNP,C→A,ygdH,,UPF0717 family protein,,,99739,G155G (GGC→GGA),,,,,,,,,,,,,1.00,,,,,,,,,,,,
NC_000913,"3,028,546",SNP,G→A,ygfS,,putative 4Fe-4S ferredoxin-type oxidoreductase subunit,,,99740,A156V (GCC→GTC),,,,,,,,,,,,,1.00,,,,,,,,,,,,
NC_000913,"2,926,543",SUB,2 bp→TT,ygdH,,UPF0717 family protein,,,99738,coding (236‑237/1365 nt),,,,,,,,,,,,,1.00,,,,,,,,,,,,
NC_000913,"3,061,916",SNP,C→T,scpA,,methylmalonyl-CoA mutase,,,99742,A356V (GCC→GTC),,,,,,,,,,,,,1.00,,,,,,,,,,,,
NC_000913,"3,065,449",SNP,G→A,scpC,,propionyl-CoA:succinate CoA transferase,,,99743,L216L (TTG→TTA),,,,,,,,,,,,,1.00,,,,,,,,,,,,
NC_000913,"3,065,861",SNP,G→A,scpC,,propionyl-CoA:succinate CoA transferase,,,99744,V354I (GTC→ATC),,,,,,,,,,,,,1.00,,,,,,,,,,,,
NC_000913,"3,089,260",SNP,T→C,galP,,D-galactose transporter,,,99745,V326A (GTG→GCG),,,,,,,,,,,,,1.00,,,,,,,,,,,,
NC_000913,"3,090,968",SNP,G→A,endA,,DNA-specific endonuclease I,,,99746,E208K (GAG→AAG),,,,,,,,,,,,,1.00,,,,,,,,,,,,
NC_000913,"3,104,887",SNP,G→A,mltC,,membrane-bound lytic murein transglycosylase C,,,99747,S152N (AGC→AAC),,,,,,,,,,,,,1.00,,,,,,,,,,,,
NC_000913,"3,120,786",SNP,G→A,glcA,,glycolate transporter,,,99748,T165I (ACT→ATT),,,,,,,,,,,,,1.00,,,,,,,,,,,,
NC_000913,"3,121,033",SNP,T→C,glcA,,glycolate transporter,,,99749,I83V (ATT→GTT),,,,,,,,,,,,,1.00,,,,,,,,,,,,
NC_000913,"3,127,981",SNP,G→A,glcD,,"glycolate oxidase subunit, FAD-linked",,,99750,P14L (CCC→CTC),,,,,,,,,,,,,1.00,,,,,,,,,,,,
NC_000913,"3,130,161",SNP,G→A,"yghO, insH1",,"pseudogene, IS-interrupted/IS5 transposase and trans-activator",,,99751,intergenic (‑18/‑17),,,,,,,,,,,,,1.00,,,,,,,,,,,,
NC_000913,"3,132,077",SNP,G→A,yghQ,,putative inner membrane polysaccharide flippase,,,99752,A111V (GCG→GTG),,,,,,,,,,,,,1.00,,,,,,,,,,,,
NC_000913,"3,133,175",SNP,G→A,yghR,,putative ATP-binding protein,,,99753,T13I (ACC→ATC),,,,,,,,,,,,,1.00,,,,,,,,,,,,
NC_000913,"3,134,263",SNP,G→A,yghT,,putative ATP-binding protein,,,99754,A45T (GCC→ACC),,,,,,,,,,,,,1.00,,,,,,,,,,,,
NC_000913,"3,145,944",SNP,G→A,hybO,,"hydrogenase 2, small subunit",,,99755,L106L (CTC→CTT),,,,,,,,,,,,,1.00,,,,,,,,,,,,
NC_000913,"3,150,316",SNP,G→A,yghA,,putative oxidoreductase,,,99756,E219K (GAG→AAG),,,,,,,,,,,,,1.00,,,,,,,,,,,,
NC_000913,"3,162,216",SNP,G→A,ftsP,,septal ring component that protects the divisome from stress; multicopy suppressor of ftsI(Ts),,,99757,Q152* (CAG→TAG),,,,,,,,,,,,,1.00,,,,,,,,,,,,
NC_000913,"3,176,625",SNP,G→A,cpdA,,"3',5' cAMP phosphodiesterase",,,99758,S70F (TCC→TTC),,,,,,,,,,,,,1.00,,,,,,,,,,,,
NC_000913,"3,050,472",SNP,G→A,gcvT,,"aminomethyltransferase, tetrahydrofolate-dependent, subunit (T protein) of glycine cleavage complex",,,99741,L66L (CTG→TTG),,,,,,,,,,,,,1.00,,,,,,,,,,,,
NC_000913,"3,193,351",SNP,G→A,yqiK,,"PHB family membrane protein, function unknown",,,99760,G163E (GGG→GAG),,,,,,,,,,,,,1.00,,,,,,,,,,,,
NC_000913,"3,204,617",SNP,G→A,"folB, plsY",,dihydroneopterin aldolase and dihydroneopterin triphosphate 2'-epimerase/putative glycerol-3-phosphate acyltransferase,,,99761,intergenic (‑28/‑77),,,,,,,,,,,,,1.00,,,,,,,,,,,,
NC_000913,"3,815,859",DEL,Δ82 bp,"[rph],[rph]",,"[rph],[rph]",,,83890,,,1.00,1.00,1.00,1.00,1.00,,,,,,,,,,,,,,,,,,,
NC_000913,"3,219,128",SNP,G→A,"aer, patA",,"fused signal transducer for aerotaxis sensory component/methyl accepting chemotaxis component/putrescine:2-oxoglutaric acid aminotransferase, PLP-dependent",,,99763,intergenic (‑52/‑366),,,,,,,,,,,,,1.00,,,,,,,,,,,,
NC_000913,"3,224,895",SNP,C→T,ebgA,,"evolved beta-D-galactosidase, alpha subunit",,,99764,L755L (CTG→TTG),,,,,,,,,,,,,1.00,,,,,,,,,,,,
NC_000913,"3,227,339",SNP,C→T,ygjI,,putative transporter,,,99765,T369I (ACC→ATC),,,,,,,,,,,,,1.00,,,,,,,,,,,,
NC_000913,"3,240,423",SNP,C→T,sstT,,sodium:serine/threonine symporter,,,99766,G160G (GGC→GGT),,,,,,,,,,,,,1.00,,,,,,,,,,,,
NC_000913,"3,256,157",SNP,C→T,yhaM,,putative L-serine dehydratase alpha chain,,,99767,Q165Q (CAG→CAA),,,,,,,,,,,,,1.00,,,,,,,,,,,,
NC_000913,"3,259,283",SNP,G→A,tdcG,,"L-serine dehydratase 3, anaerobic",,,99768,H123Y (CAT→TAT),,,,,,,,,,,,,1.00,,,,,,,,,,,,
NC_000913,"3,270,497",SNP,C→T,rnpB,,"RNase P, M1 RNA component",,,99769,noncoding (96/377 nt),,,,,,,,,,,,,1.00,,,,,,,,,,,,
NC_000913,"3,275,902",SNP,A→T,garD,,D-galactarate dehydrogenase,,,99770,E207D (GAA→GAT),,,,,,,,,,,,,1.00,,,,,,,,,,,,
NC_000913,"3,292,312",SNP,C→T,yraK,,putative fimbrial-like adhesin protein,,,99771,P324P (CCC→CCT),,,,,,,,,,,,,1.00,,,,,,,,,,,,
NC_000913,"3,304,647",SNP,T→C,mtr,,tryptophan transporter of high affinity,,,99772,I391V (ATT→GTT),,,,,,,,,,,,,1.00,,,,,,,,,,,,
NC_000913,"3,329,743",SNP,G→T,dacB,,D-alanyl-D-alanine carboxypeptidase,,,99773,D261Y (GAT→TAT),,,,,,,,,,,,,1.00,,,,,,,,,,,,
NC_000913,"3,388,041",SNP,T→G,aaeB,,p-hydroxybenzoic acid efflux system component,,,99774,T50P (ACG→CCG),,,,,,,,,,,,,1.00,,,,,,,,,,,,
NC_000913,"3,506,393",SNP,T→C,yhfT,,inner membrane protein,,,99775,D315G (GAC→GGC),,,,,,,,,,,,,1.00,,,,,,,,,,,,
NC_000913,"3,524,184",SNP,C→T,mrcA,,"penicillin-binding protein 1a, murein transglycosylase and transpeptidase",,,99776,A438A (GCC→GCT),,,,,,,,,,,,,1.00,,,,,,,,,,,,
NC_000913,"3,558,291",SNP,C→T,rtcR,,sigma 54-dependent transcriptional regulator of rtcBA expression,,,99777,G8G (GGC→GGT),,,,,,,,,,,,,1.00,,,,,,,,,,,,
NC_000913,"3,559,621",SNP,C→T,rtcR,,sigma 54-dependent transcriptional regulator of rtcBA expression,,,99778,P452S (CCC→TCC),,,,,,,,,,,,,1.00,,,,,,,,,,,,
NC_000913,"3,560,119",SNP,A→G,glpR,,"pseudogene, DNA-binding transcriptional repressor;regulator; Energy metabolism, carbon: Anaerobic respiration; repressor of the glp operon",,,99779,pseudogene (335/606 nt),,,,,,,,,,,,,1.00,,,,,,,,,,,,
NC_000913,"3,579,050",SNP,G→A,yhhW,,quercetinase activity in vitro,,,99780,A199V (GCC→GTC),,,,,,,,,,,,,1.00,,,,,,,,,,,,
NC_000913,"3,581,316",SNP,G→A,yhhY,,aminoacyl nucleotide detoxifying acetyltransferase,,,99781,G60E (GGA→GAA),,,,,,,,,,,,,1.00,,,,,,,,,,,,
NC_000913,"3,581,850",SNP,G→A,"yhhY, yhhZ",,aminoacyl nucleotide detoxifying acetyltransferase/putative Hcp1 family polymorphic toxin protein; putative colicin-like DNase/tRNase activity,,,99782,intergenic (+224/‑13),,,,,,,,,,,,,1.00,,,,,,,,,,,,
NC_000913,"3,585,517",SNP,G→A,ggt,,gamma-glutamyltranspeptidase,,,99783,A436V (GCC→GTC),,,,,,,,,,,,,1.00,,,,,,,,,,,,
NC_000913,"3,587,531",SNP,G→A,ugpQ,,"glycerophosphodiester phosphodiesterase, cytosolic",,,99784,L195F (CTC→TTC),,,,,,,,,,,,,1.00,,,,,,,,,,,,
NC_000913,"3,473,612",SNP,A→C,rpsG,,30S ribosomal subunit protein S7,,,81865,L157* (TTA→TGA),,,,,,,,1.00,,1.00,,,,,,,,,,,,,,,
NC_000913,"3,589,956",SNP,G→A,ugpE,,sn-glycerol-3-phosphate ABC transporter permease,,,99786,L24L (CTC→CTT),,,,,,,,,,,,,1.00,,,,,,,,,,,,
NC_000913,"3,621,090",SNP,C→T,rhsB,,Rhs protein with DUF4329 family putative toxin domain; putative neighboring cell growth inhibitor,,,99787,R633R (CGC→CGT),,,,,,,,,,,,,1.00,,,,,,,,,,,,
NC_000913,"3,647,677",SNP,C→T,"gor, dinQ",,"glutathione oxidoreductase/UV-inducible membrane toxin, DinQ-AgrB type I toxin-antitoxin system",,,99788,intergenic (+26/+28),,,,,,,,,,,,,1.00,,,,,,,,,,,,
NC_000913,"3,707,947",SNP,C→A,"dppA, proK",,dipeptide/heme ABC transporter periplasmic binding protein; dipeptide chemotaxis receptor/tRNA-Pro,,,99789,intergenic (‑242/+669),,,,,,,,,,,,,1.00,,,,,,,,,,,,
NC_000913,"3,827,026",SNP,C→T,recG,,ATP-dependent DNA helicase,,,99790,A606V (GCG→GTG),,,,,,,,,,,,,1.00,,,,,,,,,,,,
NC_000913,"3,927,292",SNP,T→C,asnA,,asparagine synthetase A,,,99791,D46D (GAT→GAC),,,,,,,,,,,,,1.00,,,,,,,,,,,,
NC_000913,"3,937,909",SNP,G→A,rbsK,,ribokinase,,,99792,A206T (GCG→ACG),,,,,,,,,,,,,1.00,,,,,,,,,,,,
NC_000913,"3,937,997",SNP,G→A,rbsK,,ribokinase,,,99793,G235D (GGT→GAT),,,,,,,,,,,,,1.00,,,,,,,,,,,,
NC_000913,"3,938,441",DEL,Δ1 bp,rbsR,,transcriptional repressor of ribose metabolism,,,99794,coding (215/993 nt),,,,,,,,,,,,,1.00,,,,,,,,,,,,
NC_000913,"3,941,874",SNP,C→T,rrsC,,16S ribosomal RNA of rrnC operon,,,99795,noncoding (67/1542 nt),,,,,,,,,,,,,1.00,,,,,,,,,,,,
NC_000913,"3,946,246",SNP,G→A,rrlC,,23S ribosomal RNA of rrnC operon,,,99796,noncoding (2543/2904 nt),,,,,,,,,,,,,1.00,,,,,,,,,,,,
NC_000913,"3,950,099",SNP,C→T,"yifB, ilvL",,magnesium chelatase family protein and putative transcriptional regulator/ilvG operon leader peptide,,,99797,intergenic (‑130/‑223),,,,,,,,,,,,,1.00,,,,,,,,,,,,
NC_000913,"3,956,003",SNP,G→A,ilvA,,"l-threonine dehydratase, biosynthetic; also known as threonine deaminase",,,99798,D225N (GAT→AAT),,,,,,,,,,,,,1.00,,,,,,,,,,,,
NC_000913,"4,084,932",SNP,G→T,fdoG,,"formate dehydrogenase-O, large subunit",,,99799,F297L (TTC→TTA),,,,,,,,,,,,,1.00,,,,,,,,,,,,
NC_000913,"4,139,298",SNP,G→A,fsaB,,fructose-6-phosphate aldolase 2,,,99800,A137A (GCC→GCT),,,,,,,,,,,,,1.00,,,,,,,,,,,,
NC_000913,"4,160,157",SNP,G→A,sthA,,"pyridine nucleotide transhydrogenase, soluble",,,99801,L212L (CTG→TTG),,,,,,,,,,,,,1.00,,,,,,,,,,,,
NC_000913,"4,175,827",SNP,C→T,thrT,,tRNA-Thr,,,99802,noncoding (74/76 nt),,,,,,,,,,,,,1.00,,,,,,,,,,,,
NC_000913,"4,178,883",SNP,C→T,rplA,,50S ribosomal subunit protein L1,,,99803,A2V (GCT→GTT),,,,,,,,,,,,,1.00,,,,,,,,,,,,
NC_000913,"4,179,001",SNP,C→T,rplA,,50S ribosomal subunit protein L1,,,99804,S41S (AGC→AGT),,,,,,,,,,,,,1.00,,,,,,,,,,,,
NC_000913,"4,185,777",SNP,C→T,rpoC,,"RNA polymerase, beta prime subunit",,,99805,S143F (TCC→TTC),,,,,,,,,,,,,1.00,,,,,,,,,,,,
NC_000913,"4,193,177",SNP,C→T,thiF,,"adenylyltransferase, modifies ThiS C-terminus",,,99806,E134K (GAG→AAG),,,,,,,,,,,,,1.00,,,,,,,,,,,,
NC_000913,"4,193,820",SNP,C→T,thiE,,thiamine phosphate synthase (thiamine phosphate pyrophosphorylase),,,99807,G129R (GGA→AGA),,,,,,,,,,,,,1.00,,,,,,,,,,,,
NC_000913,"4,219,752",SNP,C→T,aceK,,isocitrate dehydrogenase kinase/phosphatase,,,99808,S386F (TCC→TTC),,,,,,,,,,,,,1.00,,,,,,,,,,,,
NC_000913,"4,222,743",SNP,C→T,"arpA, iclR",,ankyrin repeat protein/transcriptional repressor,,,99809,intergenic (‑256/+61),,,,,,,,,,,,,1.00,,,,,,,,,,,,
NC_000913,"4,223,638",SNP,T→C,"iclR, metH",,"transcriptional repressor/homocysteine-N5-methyltetrahydrofolate transmethylase, B12-dependent",,,99810,intergenic (‑10/‑190),,,,,,,,,,,,,1.00,,,,,,,,,,,,
NC_000913,"4,224,483",SNP,C→T,metH,,"homocysteine-N5-methyltetrahydrofolate transmethylase, B12-dependent",,,99811,S219F (TCC→TTC),,,,,,,,,,,,,1.00,,,,,,,,,,,,
NC_000913,"4,234,479",SNP,C→T,pgi,,glucosephosphate isomerase,,,99812,A241V (GCG→GTG),,,,,,,,,,,,,1.00,,,,,,,,,,,,
NC_000913,"4,249,684",SNP,C→T,malM,,maltose regulon periplasmic protein,,,99813,A44V (GCT→GTT),,,,,,,,,,,,,1.00,,,,,,,,,,,,
NC_000913,"4,265,668",SNP,C→T,dnaB,,replicative DNA helicase,,,99814,T452I (ACC→ATC),,,,,,,,,,,,,1.00,,,,,,,,,,,,
NC_000913,"4,269,449",SNP,C→T,aphA,,"acid phosphatase/phosphotransferase, class B, non-specific",,,99815,C12C (TGC→TGT),,,,,,,,,,,,,1.00,,,,,,,,,,,,
NC_000913,"4,271,130",SNP,C→T,uvrA,,ATPase and DNA damage recognition protein of nucleotide excision repair excinuclease UvrABC,,,99816,E914E (GAG→GAA),,,,,,,,,,,,,1.00,,,,,,,,,,,,
NC_000913,"4,278,488",SNP,C→T,ghxP,,"guanine/hypoxanthine permease, high affinity; guanine/hypoxanthine:H+ symporter",,,99817,P4S (CCA→TCA),,,,,,,,,,,,,1.00,,,,,,,,,,,,
NC_000913,"4,282,536",SNP,C→T,yjcF,,pentapeptide repeats protein,,,99818,Q180Q (CAG→CAA),,,,,,,,,,,,,1.00,,,,,,,,,,,,
NC_000913,"4,284,077",SNP,C→T,actP,,acetate transporter,,,99819,A276T (GCG→ACG),,,,,,,,,,,,,1.00,,,,,,,,,,,,
NC_000913,"4,286,033",SNP,C→T,acs,,acetyl-CoA synthetase,,,99820,A447T (GCG→ACG),,,,,,,,,,,,,1.00,,,,,,,,,,,,
NC_000913,"4,296,187",SNP,C→T,"gltP, yjcO",,glutamate/aspartate:proton symporter/Sel1 family TPR-like repeat protein,,,99821,intergenic (+393/+249),,,,,,,,,,,,,1.00,,,,,,,,,,,,
NC_000913,"4,296,300",SNP,C→T,"gltP, yjcO",,glutamate/aspartate:proton symporter/Sel1 family TPR-like repeat protein,,,99822,intergenic (+506/+136),,,,,,,,,,,,,1.00,,,,,,,,,,,,
NC_000913,"4,297,469",SNP,C→T,fdhF,,"formate dehydrogenase-H, selenopolypeptide subunit",,,99823,G633D (GGC→GAC),,,,,,,,,,,,,1.00,,,,,,,,,,,,
NC_000913,"4,298,199",SNP,C→T,fdhF,,"formate dehydrogenase-H, selenopolypeptide subunit",,,99824,A390T (GCA→ACA),,,,,,,,,,,,,1.00,,,,,,,,,,,,
NC_000913,"4,301,071",SNP,C→T,mdtO,,"membrane translocase (MDR) of MdtNOP efflux pump, PET family",,,99825,A670T (GCA→ACA),,,,,,,,,,,,,1.00,,,,,,,,,,,,
NC_000913,"4,303,755",SNP,C→T,mdtN,,membrane fusion protein of efflux pump,,,99826,V119I (GTT→ATT),,,,,,,,,,,,,1.00,,,,,,,,,,,,
NC_000913,"4,311,337",SNP,C→T,alsB,,D-allose ABC transporter periplasmic binding protein,,,99827,A236T (GCA→ACA),,,,,,,,,,,,,1.00,,,,,,,,,,,,
NC_000913,"4,320,079",SNP,C→T,phnI,,ribophosphonate triphosphate synthase complex putative catalytic subunit,,,99828,Q195Q (CAG→CAA),,,,,,,,,,,,,1.00,,,,,,,,,,,,
NC_000913,"4,320,785",SNP,C→T,phnH,,ribophosphonate triphosphate synthase subunit,,,99829,E155K (GAG→AAG),,,,,,,,,,,,,1.00,,,,,,,,,,,,
NC_000913,"257,908",DEL,Δ776 bp,[crl],,[crl],,,26102,,,,1.00,1.00,,1.00,1.00,1.00,,1.00,1.00,1.00,1.00,1.00,1.00,,1.00,,1.00,1.00,1.00,1.00,1.00,1.00,1.00
NC_000913,"4,325,644",SNP,C→T,yjdN,,metalloprotein superfamily protein,,,99831,S33N (AGC→AAC),,,,,,,,,,,,,1.00,,,,,,,,,,,,
NC_000913,"4,325,837",SNP,C→T,"yjdN, yjdM",,metalloprotein superfamily protein/zinc-ribbon family protein,,,99832,intergenic (‑96/+562),,,,,,,,,,,,,1.00,,,,,,,,,,,,
NC_000913,"4,332,310",SNP,C→T,basS,,sensory histidine kinase in two-component regulatory system with BasR,,,99833,G321G (GGG→GGA),,,,,,,,,,,,,1.00,,,,,,,,,,,,
NC_000913,"4,337,864",SNP,C→T,adiY,,adi system transcriptional activator,,,99834,V22V (GTG→GTA),,,,,,,,,,,,,1.00,,,,,,,,,,,,
NC_000913,"4,342,825",SNP,C→T,melA,,"alpha-galactosidase, NAD(P)-binding",,,99835,N305N (AAC→AAT),,,,,,,,,,,,,1.00,,,,,,,,,,,,
NC_000913,"4,349,259",SNP,C→T,"dcuB, dcuR",,"C4-dicarboxylate transporter, anaerobic; DcuS co-sensor/response regulator in two-component regulatory system with DcuS",,,99836,intergenic (‑515/+56),,,,,,,,,,,,,1.00,,,,,,,,,,,,
NC_000913,"4,351,519",SNP,C→T,dcuS,,"sensory histidine kinase in two-component regulatory system with DcuR, regulator of anaerobic fumarate respiration",,,99837,T48T (ACG→ACA),,,,,,,,,,,,,1.00,,,,,,,,,,,,
NC_000913,"4,351,590",SNP,C→T,dcuS,,"sensory histidine kinase in two-component regulatory system with DcuR, regulator of anaerobic fumarate respiration",,,99838,V25I (GTC→ATC),,,,,,,,,,,,,1.00,,,,,,,,,,,,
NC_000913,"4,359,909",SNP,C→T,cadB,,putative lysine/cadaverine transporter,,,99839,W41* (TGG→TGA),,,,,,,,,,,,,1.00,,,,,,,,,,,,
