Reference Seq,Position,Mutation Type,Sequence Change,Gene,Function,Product,GO Process,GO Component,Mut ID,Details,application_of_ALE_to_re-optimize_growth_performance_of_genome-reduced_strain_MS56-M9-MG1655gbk A1 F999 I0 R1,application_of_ALE_to_re-optimize_growth_performance_of_genome-reduced_strain_MS56-M9-MG1655gbk A2 F999 I0 R1,application_of_ALE_to_re-optimize_growth_performance_of_genome-reduced_strain_MS56-M9-MG1655gbk A3 F999 I0 R1,application_of_ALE_to_re-optimize_growth_performance_of_genome-reduced_strain_MS56-M9-MG1655gbk A4 F999 I0 R1,application_of_ALE_to_re-optimize_growth_performance_of_genome-reduced_strain_MS56-M9-MG1655gbk A5 F999 I0 R1,application_of_ALE_to_re-optimize_growth_performance_of_genome-reduced_strain_MS56-M9-MG1655gbk A6 F999 I0 R1,application_of_ALE_to_re-optimize_growth_performance_of_genome-reduced_strain_MS56-M9-MG1655gbk A7 F999 I0 R1,application_of_ALE_to_re-optimize_growth_performance_of_genome-reduced_strain_MS56-M9-MG1655gbk A8 F999 I0 R1,application_of_ALE_to_re-optimize_growth_performance_of_genome-reduced_strain_MS56-M9-MG1655gbk A9 F999 I0 R1,application_of_ALE_to_re-optimize_growth_performance_of_genome-reduced_strain_MS56-M9-MG1655gbk A10 F999 I0 R1,application_of_ALE_to_re-optimize_growth_performance_of_genome-reduced_strain_MS56-M9-MG1655gbk A11 F999 I0 R1,application_of_ALE_to_re-optimize_growth_performance_of_genome-reduced_strain_MS56-M9-MG1655gbk A12 F999 I0 R1,application_of_ALE_to_re-optimize_growth_performance_of_genome-reduced_strain_MS56-M9-MG1655gbk A13 F999 I0 R1,application_of_ALE_to_re-optimize_growth_performance_of_genome-reduced_strain_MS56-M9-MG1655gbk A14 F999 I0 R1,application_of_ALE_to_re-optimize_growth_performance_of_genome-reduced_strain_MS56-M9-MG1655gbk A15 F999 I0 R1,application_of_ALE_to_re-optimize_growth_performance_of_genome-reduced_strain_MS56-M9-MG1655gbk A16 F999 I0 R1,application_of_ALE_to_re-optimize_growth_performance_of_genome-reduced_strain_MS56-M9-MG1655gbk A17 F999 I0 R1,application_of_ALE_to_re-optimize_growth_performance_of_genome-reduced_strain_MS56-M9-MG1655gbk A18 F999 I0 R1,application_of_ALE_to_re-optimize_growth_performance_of_genome-reduced_strain_MS56-M9-MG1655gbk A19 F999 I0 R1,application_of_ALE_to_re-optimize_growth_performance_of_genome-reduced_strain_MS56-M9-MG1655gbk A20 F999 I0 R1,application_of_ALE_to_re-optimize_growth_performance_of_genome-reduced_strain_MS56-M9-MG1655gbk A21 F999 I0 R1,application_of_ALE_to_re-optimize_growth_performance_of_genome-reduced_strain_MS56-M9-MG1655gbk A22 F999 I0 R1,application_of_ALE_to_re-optimize_growth_performance_of_genome-reduced_strain_MS56-M9-MG1655gbk A23 F999 I0 R1,application_of_ALE_to_re-optimize_growth_performance_of_genome-reduced_strain_MS56-M9-MG1655gbk A24 F999 I0 R1,application_of_ALE_to_re-optimize_growth_performance_of_genome-reduced_strain_MS56-M9-MG1655gbk A25 F999 I0 R1,application_of_ALE_to_re-optimize_growth_performance_of_genome-reduced_strain_MS56-M9-MG1655gbk A26 F999 I0 R1,application_of_ALE_to_re-optimize_growth_performance_of_genome-reduced_strain_MS56-M9-MG1655gbk A27 F999 I0 R1,application_of_ALE_to_re-optimize_growth_performance_of_genome-reduced_strain_MS56-M9-MG1655gbk A28 F999 I0 R1,application_of_ALE_to_re-optimize_growth_performance_of_genome-reduced_strain_MS56-M9-MG1655gbk A29 F999 I0 R1,application_of_ALE_to_re-optimize_growth_performance_of_genome-reduced_strain_MS56-M9-MG1655gbk A30 F999 I0 R1,application_of_ALE_to_re-optimize_growth_performance_of_genome-reduced_strain_MS56-M9-MG1655gbk A31 F999 I0 R1
NC_000913,"12,086",SNP,C→T,"yaaI, dnaK",,DUF2541 domain-containing protein YaaI/chaperone protein DnaK,,,85039,intergenic (‑300/‑77),,,,,,,,,,,,,1.00,1.00,1.00,1.00,1.00,,1.00,1.00,1.00,1.00,1.00,1.00,1.00,1.00,1.00,1.00,,,
NC_000913,"15,389",DEL,"Δ5,175 bp","insL-1,hokC,mokC,sokC,nhaA,nhaR,insB-1,insA-1",,"insL-1,hokC,mokC,sokC,nhaA,nhaR,insB-1,insA-1",,,85040,,1.00,1.00,1.00,1.00,1.00,1.00,1.00,1.00,1.00,1.00,1.00,1.00,1.00,1.00,1.00,1.00,,1.00,1.00,1.00,1.00,1.00,1.00,1.00,1.00,1.00,1.00,1.00,,,
NC_000913,"92,854",DEL,(GCG)4→3,ftsI,,peptidoglycan DD-transpeptidase FtsI,,,85041,coding (1442‑1444/1767 nt),,,,,,,,,,,,,,,,,,,,,1.00,1.00,1.00,1.00,1.00,1.00,1.00,1.00,,,
NC_000913,"119,028",SNP,T→C,ampD,,"1,6-anhydro-N-acetylmuramoyl-L-alanine amidase",,,85042,V99A (GTC→GCC),1.00,1.00,1.00,1.00,1.00,1.00,1.00,1.00,1.00,1.00,1.00,1.00,1.00,1.00,1.00,1.00,1.00,1.00,1.00,1.00,1.00,1.00,1.00,1.00,1.00,1.00,1.00,1.00,,,
NC_000913,"167,484",DEL,"Δ5,964 bp","[fhuA],fhuC,fhuD,fhuB",,"[fhuA],fhuC,fhuD,fhuB",,,85043,,1.00,1.00,1.00,1.00,1.00,1.00,1.00,1.00,1.00,1.00,1.00,1.00,1.00,1.00,1.00,1.00,,1.00,1.00,1.00,1.00,1.00,1.00,1.00,1.00,1.00,1.00,1.00,,,
NC_000913,"214,885",SNP,C→T,arfB,,"peptidyl-tRNA hydrolase, ribosome rescue factor",,,85044,T18I (ACC→ATC),,,,,,,,,,,,,1.00,1.00,1.00,1.00,,,1.00,1.00,1.00,1.00,1.00,1.00,1.00,1.00,1.00,1.00,,,
NC_000913,"257,794",SNP,T→C,"frsA, crl",,fermentation-respiration switch protein/RNA polymerase holoenzyme assembly factor Crl,,,85045,intergenic (+23/‑35),1.00,1.00,1.00,1.00,1.00,1.00,1.00,1.00,1.00,1.00,1.00,1.00,1.00,1.00,1.00,1.00,1.00,1.00,1.00,1.00,1.00,1.00,1.00,1.00,1.00,1.00,1.00,1.00,,,
NC_000913,"257,908",DEL,Δ776 bp,"insB9,insA9,[crl]",,"insB9,insA9,[crl]",,,85046,,1.00,1.00,1.00,1.00,1.00,1.00,1.00,1.00,1.00,1.00,1.00,1.00,1.00,1.00,1.00,1.00,1.00,1.00,1.00,1.00,1.00,1.00,1.00,1.00,1.00,1.00,1.00,1.00,1.00,,
NC_000913,"263,514",DEL,"Δ61,897 bp","[ykfI],yafW,ykfH,ykfG,yafX,ykfF,ykfB,yafY,yafZ,ykfA,perR,insN,insI-1,insN,eyeA,ykfC,insH-1,mmuP,mmuM,afuC,afuB,insB-2,insA-2,yagB,yagA,yagE,yagF,yagG,yagH,xynR,argF,ykgS,insB-3,insA-3,yagJ,yagK,yagL,yagM,ykgV,yagN,intF,yagP,paoD,paoC,paoB,paoA,yagU,ykgJ,ecpE,ecpD,ecpC,ecpB,ecpA,ecpR,ykgL,ykgO,ykgM,ykgR,ykgP,eaeH,insE-1,insF-1,ykgA,rclC,rclB,rclA,rclR,ykgE,ykgF,ykgG,ykgH",,"[ykfI],yafW,ykfH,ykfG,yafX,ykfF,ykfB,yafY,yafZ,ykfA,perR,insN,insI-1,insN,eyeA,ykfC,insH-1,mmuP,mmuM,afuC,afuB,insB-2,insA-2,yagB,yagA,yagE,yagF,yagG,yagH,xynR,argF,ykgS,insB-3,insA-3,yagJ,yagK,yagL,yagM,ykgV,yagN,intF,yagP,paoD,paoC,paoB,paoA,yagU,ykgJ,ecpE,ecpD,ecpC,ecpB,ecpA,ecpR,ykgL,ykgO,ykgM,ykgR,ykgP,eaeH,insE-1,insF-1,ykgA,rclC,rclB,rclA,rclR,ykgE,ykgF,ykgG,ykgH",,,85047,,1.00,1.00,1.00,1.00,1.00,1.00,1.00,1.00,1.00,1.00,1.00,1.00,1.00,1.00,1.00,1.00,1.00,1.00,1.00,1.00,1.00,1.00,1.00,1.00,1.00,1.00,1.00,1.00,,,
NC_000913,"332,366",DEL,"Δ44,951 bp","pdeL,yahB,yahC,yahD,yahE,yahF,yahG,yahH,yahI,yahJ,yahK,yahL,yahM,yahN,yahO,prpR,prpB,prpC,prpD,prpE,codB,codA,cynR,cynT,cynS,cynX,lacA,lacY,lacZ,lacI,mhpR,mhpA,mhpB,mhpC,mhpD,mhpF,mhpE,mhpT,yaiL",,"pdeL,yahB,yahC,yahD,yahE,yahF,yahG,yahH,yahI,yahJ,yahK,yahL,yahM,yahN,yahO,prpR,prpB,prpC,prpD,prpE,codB,codA,cynR,cynT,cynS,cynX,lacA,lacY,lacZ,lacI,mhpR,mhpA,mhpB,mhpC,mhpD,mhpF,mhpE,mhpT,yaiL",,,85048,,1.00,1.00,1.00,1.00,1.00,1.00,1.00,1.00,1.00,1.00,1.00,1.00,1.00,1.00,1.00,1.00,,,,1.00,1.00,1.00,1.00,1.00,1.00,1.00,1.00,1.00,,,
NC_000913,"380,022",DEL,(G)10→9,"frmR, yaiO",,DNA-binding transcriptional repressor FrmR/outer membrane protein YaiO,,,85049,intergenic (‑141/+47),,,,,,,,,,,,,1.00,1.00,1.00,,1.00,,1.00,,1.00,1.00,1.00,1.00,1.00,1.00,1.00,1.00,,,
NC_000913,"389,898",DEL,"Δ9,908 bp","yaiT,insF-2,insE-2,yaiT,iprA,ampH,sbmA,yaiW,yaiY,[yaiZ]",,"yaiT,insF-2,insE-2,yaiT,iprA,ampH,sbmA,yaiW,yaiY,[yaiZ]",,,85050,,1.00,1.00,1.00,1.00,1.00,1.00,1.00,1.00,1.00,1.00,1.00,1.00,1.00,1.00,1.00,1.00,,1.00,1.00,1.00,1.00,1.00,1.00,1.00,1.00,1.00,1.00,1.00,,,
NC_000913,"508,873",DEL,"Δ40,744 bp","copA,copA,copA,glsA,ybaT,cueR,ybbJ,qmcA,fetA,fetB,cnoX,ybbO,tesA,ybbA,ybbP,rhsD,ybbC,ylbH,ybbD,ylbI,ylbG,selU,allS,allA,allR,gcl,hyi,glxR,ybbW,allB,ybbY,glxK,allE,allC,allD,fdrA,[ylbE]",,"copA,copA,copA,glsA,ybaT,cueR,ybbJ,qmcA,fetA,fetB,cnoX,ybbO,tesA,ybbA,ybbP,rhsD,ybbC,ylbH,ybbD,ylbI,ylbG,selU,allS,allA,allR,gcl,hyi,glxR,ybbW,allB,ybbY,glxK,allE,allC,allD,fdrA,[ylbE]",,,85051,,1.00,1.00,1.00,1.00,1.00,1.00,1.00,1.00,1.00,1.00,1.00,1.00,1.00,1.00,1.00,1.00,,1.00,1.00,1.00,1.00,1.00,1.00,1.00,1.00,1.00,1.00,1.00,,,
NC_000913,"565,055",DEL,"Δ21,054 bp","[intD],xisD,exoD,renD,insE-3,insF-3,renD,emrE,ylcJ,ybcK,ybcL,ybcM,ylcH,ybcN,ninE,ybcO,rusA,ylcG,ybcQ,nmpC,insH-2,nmpC,essD,rrrD,rzpD,rzoD,borD,ybcV,ybcW,ylcI,nohD,aaaD,tfaD,ybcY,tfaX,appY,ompT",,"[intD],xisD,exoD,renD,insE-3,insF-3,renD,emrE,ylcJ,ybcK,ybcL,ybcM,ylcH,ybcN,ninE,ybcO,rusA,ylcG,ybcQ,nmpC,insH-2,nmpC,essD,rrrD,rzpD,rzoD,borD,ybcV,ybcW,ylcI,nohD,aaaD,tfaD,ybcY,tfaX,appY,ompT",,,85052,,1.00,1.00,1.00,1.00,1.00,1.00,1.00,1.00,1.00,1.00,1.00,1.00,1.00,1.00,1.00,1.00,,1.00,1.00,1.00,1.00,1.00,1.00,1.00,1.00,1.00,1.00,1.00,,,
NC_000913,"603,467",DEL,"Δ5,885 bp","[ybdG],nfsB,ybdF,ybdJ,ybdK,sokE,hokE,insL-2",,"[ybdG],nfsB,ybdF,ybdJ,ybdK,sokE,hokE,insL-2",,,85053,,1.00,1.00,1.00,1.00,1.00,1.00,1.00,1.00,1.00,1.00,1.00,1.00,1.00,1.00,1.00,1.00,,1.00,1.00,1.00,1.00,1.00,1.00,1.00,1.00,1.00,1.00,1.00,,,
NC_000913,"675,552",DEL,"Δ7,819 bp","ybeQ,ybeR,djlB,ybeT,ybeU,djlC,[hscC]",,"ybeQ,ybeR,djlB,ybeT,ybeU,djlC,[hscC]",,,85054,,1.00,1.00,1.00,1.00,1.00,1.00,1.00,1.00,1.00,1.00,1.00,1.00,1.00,1.00,1.00,1.00,,1.00,1.00,1.00,1.00,1.00,1.00,1.00,1.00,1.00,1.00,1.00,,,
NC_000913,"687,860",DEL,"Δ1,185 bp",insH-3,,insH-3,,,85055,IS5‑mediated,1.00,1.00,1.00,1.00,1.00,1.00,1.00,1.00,1.00,1.00,1.00,1.00,1.00,1.00,1.00,1.00,,1.00,1.00,1.00,1.00,1.00,1.00,1.00,1.00,1.00,1.00,1.00,,,
NC_000913,"729,365",DEL,"Δ9,598 bp","rhsC,ybfB,ybfO,ybfC,ybfQ,ybfL,ybfD",,"rhsC,ybfB,ybfO,ybfC,ybfQ,ybfL,ybfD",,,85056,,1.00,1.00,1.00,1.00,1.00,1.00,1.00,1.00,1.00,1.00,1.00,1.00,1.00,1.00,1.00,1.00,,1.00,1.00,1.00,1.00,1.00,1.00,1.00,1.00,1.00,1.00,1.00,,,
NC_000913,"765,191",DEL,Δ1 bp,mngR,,DNA-binding transcriptional repressor MngR,,,85057,coding (685/723 nt),1.00,1.00,1.00,1.00,1.00,1.00,1.00,1.00,1.00,1.00,1.00,1.00,1.00,1.00,1.00,1.00,1.00,1.00,1.00,1.00,1.00,1.00,1.00,1.00,1.00,1.00,1.00,1.00,,,
NC_000913,"765,208",DEL,"Δ5,405 bp","[mngR],mngA,mngB",,"[mngR],mngA,mngB",,,85058,,1.00,1.00,1.00,1.00,1.00,1.00,1.00,1.00,1.00,1.00,1.00,1.00,1.00,1.00,1.00,1.00,,1.00,1.00,1.00,1.00,1.00,1.00,1.00,1.00,1.00,1.00,1.00,,,
NC_000913,"819,776",DEL,"Δ62,977 bp","ybhL,ybhM,ybhN,clsB,ybhP,ybhQ,ybhR,ybhS,ybhF,ybhG,cecR,rhlE,ybiA,dinG,ybiB,hcxB,ybiJ,ybiI,ybiX,fiu,mcbA,rlmF,ybiO,glnQ,glnP,glnH,dps,rhtA,yliM,ompX,opgE,rybA,mntS,mntR,ybiR,ldtB,ybiT,ybiU,ybiV,ybiW,ybiY,fsaA,moeB,moeA,iaaA,gsiA,gsiB,gsiC,gsiD,pdeI,dgcI,rimO,bssR,yliI,gstB,dacC,deoR",,"ybhL,ybhM,ybhN,clsB,ybhP,ybhQ,ybhR,ybhS,ybhF,ybhG,cecR,rhlE,ybiA,dinG,ybiB,hcxB,ybiJ,ybiI,ybiX,fiu,mcbA,rlmF,ybiO,glnQ,glnP,glnH,dps,rhtA,yliM,ompX,opgE,rybA,mntS,mntR,ybiR,ldtB,ybiT,ybiU,ybiV,ybiW,ybiY,fsaA,moeB,moeA,iaaA,gsiA,gsiB,gsiC,gsiD,pdeI,dgcI,rimO,bssR,yliI,gstB,dacC,deoR",,,85059,,1.00,1.00,1.00,1.00,1.00,1.00,1.00,1.00,1.00,1.00,1.00,1.00,1.00,1.00,1.00,1.00,,1.00,1.00,1.00,1.00,1.00,1.00,1.00,1.00,1.00,1.00,1.00,,,
NC_000913,"972,866",DEL,Δ1 bp,elyC,,envelope biogenesis factor,,,85060,coding (536/780 nt),,,,,,,,,,,,,,,,,,,,,1.00,1.00,1.00,1.00,1.00,1.00,1.00,1.00,,,
NC_000913,"988,499",SNP,G→A,asnS,,asparagine--tRNA ligase,,,85061,P163S (CCA→TCA),1.00,1.00,1.00,1.00,1.00,1.00,1.00,1.00,1.00,1.00,1.00,1.00,1.00,1.00,1.00,1.00,1.00,1.00,1.00,1.00,1.00,1.00,1.00,1.00,1.00,1.00,1.00,1.00,,,
NC_000913,"997,868",DEL,"Δ6,818 bp","[elfA],elfD,elfC,elfG,ycbU,ycbV,ycbF",,"[elfA],elfD,elfC,elfG,ycbU,ycbV,ycbF",,,85062,,1.00,1.00,1.00,1.00,1.00,1.00,1.00,1.00,1.00,1.00,1.00,1.00,1.00,1.00,1.00,1.00,,1.00,1.00,1.00,1.00,1.00,1.00,1.00,1.00,1.00,1.00,1.00,,,
NC_000913,"1,040,502",DEL,"Δ73,763 bp","[appX],appA,etk,etp,gfcE,gfcD,gfcC,gfcB,gfcA,insA-4,insB-4,cspH,cspG,ymcF,ymcE,gnsA,yccM,torS,torT,torR,torC,torA,torD,cbpM,cbpA,yccE,agp,yccJ,wrbA,ymdF,rutG,rutF,rutE,rutD,rutC,rutB,rutA,rutR,putA,ymdG,putP,efeU,efeO,efeB,phoH,pgaD,pgaC,pgaB,pgaA,dgcT,insF-4,insE-4,ymdE,ycdU,serX,ghrA,ycdX,ycdY,ycdZ,csgG,csgF,csgE,csgD,csgB,csgA,csgC,ymdA,ymdB,clsC,opgC,opgG,opgH,yceK,msyB,[mdtG]",,"[appX],appA,etk,etp,gfcE,gfcD,gfcC,gfcB,gfcA,insA-4,insB-4,cspH,cspG,ymcF,ymcE,gnsA,yccM,torS,torT,torR,torC,torA,torD,cbpM,cbpA,yccE,agp,yccJ,wrbA,ymdF,rutG,rutF,rutE,rutD,rutC,rutB,rutA,rutR,putA,ymdG,putP,efeU,efeO,efeB,phoH,pgaD,pgaC,pgaB,pgaA,dgcT,insF-4,insE-4,ymdE,ycdU,serX,ghrA,ycdX,ycdY,ycdZ,csgG,csgF,csgE,csgD,csgB,csgA,csgC,ymdA,ymdB,clsC,opgC,opgG,opgH,yceK,msyB,[mdtG]",,,85063,,1.00,1.00,1.00,1.00,1.00,1.00,1.00,1.00,1.00,1.00,1.00,1.00,1.00,1.00,1.00,1.00,,1.00,1.00,1.00,1.00,1.00,1.00,1.00,1.00,1.00,1.00,1.00,,,
NC_000913,"1,129,397",DEL,"Δ11,591 bp","flgN,flgM,flgA,flgB,flgC,flgD,flgE,flgF,flgG,flgH,flgI,flgJ,flgK,flgL",,"flgN,flgM,flgA,flgB,flgC,flgD,flgE,flgF,flgG,flgH,flgI,flgJ,flgK,flgL",,,85064,,1.00,1.00,1.00,1.00,1.00,1.00,1.00,1.00,1.00,1.00,1.00,1.00,1.00,1.00,1.00,1.00,,1.00,1.00,1.00,1.00,1.00,1.00,1.00,1.00,1.00,1.00,1.00,,,
NC_000913,"1,154,362",SNP,C→T,mltG,,endolytic murein transglycosylase,,,85065,A84V (GCC→GTC),,,,,,,,,,,,,1.00,1.00,1.00,1.00,,,1.00,1.00,1.00,1.00,1.00,1.00,1.00,1.00,1.00,1.00,,,
NC_000913,"1,197,137",SUB,25956 bp→12 bp,"[ymfD],ymfE,lit,intE,xisE,ymfH,ymfI,ymfJ,ymfK,ymfT,ymfL,ymfM,oweE,ymfN,aaaE,ymfR,beeE,jayE,ymfQ,ycfK,tfaP,tfaE,stfE,pinE,mcrA,icdC,iraM,ymgK,ymgL,ycgX,bluR,bluF,ycgZ,ymgA,ariR,ymgC,pdeG,ymgF,ycgH,ymgD,ymgG,[ymgI]",,"[ymfD],ymfE,lit,intE,xisE,ymfH,ymfI,ymfJ,ymfK,ymfT,ymfL,ymfM,oweE,ymfN,aaaE,ymfR,beeE,jayE,ymfQ,ycfK,tfaP,tfaE,stfE,pinE,mcrA,icdC,iraM,ymgK,ymgL,ycgX,bluR,bluF,ycgZ,ymgA,ariR,ymgC,pdeG,ymgF,ycgH,ymgD,ymgG,[ymgI]",,,85066,,,1.00,1.00,1.00,1.00,1.00,1.00,1.00,1.00,1.00,1.00,1.00,1.00,1.00,1.00,1.00,,1.00,1.00,1.00,1.00,1.00,1.00,1.00,1.00,1.00,1.00,1.00,,,
NC_000913,"1,240,439",SNP,C→T,ymgM|cvrA,,protein YmgM|putative K(+):H(+) antiporter,,,85067,V60V (GTC→GTT) D545N (GAC→AAC),,,,,,,,,,,,,,,,,,,,,1.00,1.00,1.00,1.00,1.00,1.00,1.00,1.00,,,
NC_000913,"1,270,811",SNP,C→T,chaA,,Na(+)/K(+):H(+) antiporter ChaA,,,85068,V347M (GTG→ATG),1.00,1.00,1.00,1.00,1.00,1.00,1.00,1.00,1.00,1.00,1.00,1.00,1.00,1.00,1.00,1.00,1.00,1.00,1.00,1.00,1.00,1.00,1.00,1.00,1.00,1.00,1.00,1.00,,,
NC_000913,"1,299,499",DEL,"Δ1,199 bp",insH21,,insH21,,,85069,,1.00,1.00,1.00,1.00,1.00,1.00,1.00,1.00,1.00,1.00,1.00,1.00,1.00,1.00,1.00,1.00,1.00,1.00,1.00,1.00,1.00,1.00,1.00,1.00,1.00,1.00,1.00,1.00,1.00,1.00,1.00
NC_000913,"1,382,555",SNP,C→T,ompG,,outer membrane porin G,,,85070,S203S (AGC→AGT),1.00,1.00,1.00,1.00,1.00,1.00,1.00,1.00,1.00,1.00,1.00,1.00,1.00,1.00,1.00,1.00,1.00,1.00,1.00,1.00,1.00,1.00,1.00,1.00,1.00,1.00,1.00,1.00,,,
NC_000913,"1,388,889",DEL,"Δ9,734 bp","ycjG,mpaA,ymjC,ymjD,ycjY,pgrR,mppA,ynaI,insH-4,ynaJ,[uspE]",,"ycjG,mpaA,ymjC,ymjD,ycjY,pgrR,mppA,ynaI,insH-4,ynaJ,[uspE]",,,85071,,1.00,1.00,1.00,1.00,1.00,1.00,1.00,1.00,1.00,1.00,1.00,1.00,1.00,1.00,1.00,1.00,,1.00,1.00,1.00,1.00,1.00,1.00,1.00,1.00,1.00,1.00,1.00,,,
NC_000913,"1,400,309",DEL,Δ1 bp,abgT,,p-aminobenzoyl glutamate:H(+) symporter,,,85072,coding (1465/1527 nt),,1.00,1.00,1.00,1.00,1.00,1.00,1.00,1.00,1.00,1.00,1.00,1.00,1.00,1.00,1.00,1.00,1.00,1.00,1.00,1.00,1.00,1.00,1.00,1.00,1.00,1.00,1.00,,,
NC_000913,"1,400,314",DEL,Δ1 bp,abgT,,p-aminobenzoyl glutamate:H(+) symporter,,,85073,coding (1460/1527 nt),,1.00,1.00,1.00,1.00,1.00,1.00,1.00,1.00,1.00,1.00,1.00,1.00,1.00,1.00,1.00,1.00,1.00,1.00,1.00,1.00,1.00,1.00,1.00,1.00,1.00,1.00,1.00,,,
NC_000913,"1,400,325",DEL,"Δ81,931 bp","[abgT],abgB,abgA,abgR,mcaS,smrA,dgcM,zntB,fnrS,ynaL,dbpA,ttcA,intR,xisR,rcbA,ralA,ralR,recT,recE,racC,ydaE,kilR,sieB,ydaF,ydaG,racR,ydaS,ydaT,ydaU,ydaV,ydaW,rzpR,rzoR,trkG,ynaK,ydaY,ynaA,lomR,insH-5,lomR,stfR,tfaR,pinR,ynaE,ynaM,ttcC,uspF,ompN,micC,ydbK,ydbJ,hslJ,ldhA,ydbH,ynbE,ydbL,feaR,feaB,tynA,paaZ,paaA,paaB,paaC,paaD,paaE,paaF,paaG,paaH,paaI,paaJ,paaK,paaX,paaY,ynbG,ydbA,insD-2,insC-2,ydbA,insI-2,ydbA,pdxI,ydbD,ynbA,ynbB,ynbC,ynbD,[azoR]",,"[abgT],abgB,abgA,abgR,mcaS,smrA,dgcM,zntB,fnrS,ynaL,dbpA,ttcA,intR,xisR,rcbA,ralA,ralR,recT,recE,racC,ydaE,kilR,sieB,ydaF,ydaG,racR,ydaS,ydaT,ydaU,ydaV,ydaW,rzpR,rzoR,trkG,ynaK,ydaY,ynaA,lomR,insH-5,lomR,stfR,tfaR,pinR,ynaE,ynaM,ttcC,uspF,ompN,micC,ydbK,ydbJ,hslJ,ldhA,ydbH,ynbE,ydbL,feaR,feaB,tynA,paaZ,paaA,paaB,paaC,paaD,paaE,paaF,paaG,paaH,paaI,paaJ,paaK,paaX,paaY,ynbG,ydbA,insD-2,insC-2,ydbA,insI-2,ydbA,pdxI,ydbD,ynbA,ynbB,ynbC,ynbD,[azoR]",,,85074,,,1.00,1.00,1.00,1.00,1.00,1.00,1.00,1.00,1.00,1.00,1.00,1.00,1.00,1.00,1.00,,1.00,1.00,1.00,1.00,1.00,1.00,1.00,1.00,1.00,1.00,1.00,,,
NC_000913,"1,509,562",DEL,"Δ46,201 bp","[hicB],ydcR,ydcS,ydcT,ydcU,ydcV,patD,yncL,ortT,ydcY,ydcZ,mnaT,curA,mcbR,yncD,yncE,ansP,yncG,yncH,rhsE,ydcD,yncO,yncI,ydcC,pptA,yddH,nhoA,yddE,narV,narW,narY,narZ,narU,yddJ,yddK,yddL,yddG,fdnG,fdnH,fdnI,yddM,adhP,maeA",,"[hicB],ydcR,ydcS,ydcT,ydcU,ydcV,patD,yncL,ortT,ydcY,ydcZ,mnaT,curA,mcbR,yncD,yncE,ansP,yncG,yncH,rhsE,ydcD,yncO,yncI,ydcC,pptA,yddH,nhoA,yddE,narV,narW,narY,narZ,narU,yddJ,yddK,yddL,yddG,fdnG,fdnH,fdnI,yddM,adhP,maeA",,,85075,,1.00,1.00,1.00,1.00,1.00,1.00,1.00,1.00,1.00,1.00,1.00,1.00,1.00,1.00,1.00,1.00,,1.00,1.00,1.00,1.00,1.00,1.00,1.00,1.00,1.00,1.00,1.00,,,
NC_000913,"1,562,085",SNP,C→T,ddpA,,"putative D,D-dipeptide ABC transporter periplasmic binding protein",,,85076,A133T (GCA→ACA),,,,,,,,,,,,,1.00,1.00,1.00,1.00,,,1.00,1.00,1.00,1.00,1.00,1.00,1.00,1.00,1.00,1.00,,,
NC_000913,"1,626,996",SNP,C→T,dcp,,peptidyl-dipeptidase Dcp,,,85077,D129N (GAT→AAT),,,,,,,,,,,,,,,,,,,,,1.00,1.00,1.00,1.00,1.00,1.00,1.00,1.00,,,
NC_000913,"1,627,518",DEL,"Δ25,244 bp","[ydfG],ydfH,ydfZ,ydfI,ydfJ,ynfT,ydfK,pinQ,tfaQ,ydfN,nohA,ynfO,ydfO,gnsB,ynfN,ynfR,ynfQ,cspI,rzpQ,rzoQ,rrrQ,ydfR,essQ,cspB,cspF,ynfS,ydfT,ydfU,rem,hokD,relE,relB,ydfV,flxA,ydfW,ydfX,dicC,dicA,ydfA,ydfB,ydfC,dicF,dicB,ydfD,ydfE,insD-7,intQ,[ynfP]",,"[ydfG],ydfH,ydfZ,ydfI,ydfJ,ynfT,ydfK,pinQ,tfaQ,ydfN,nohA,ynfO,ydfO,gnsB,ynfN,ynfR,ynfQ,cspI,rzpQ,rzoQ,rrrQ,ydfR,essQ,cspB,cspF,ynfS,ydfT,ydfU,rem,hokD,relE,relB,ydfV,flxA,ydfW,ydfX,dicC,dicA,ydfA,ydfB,ydfC,dicF,dicB,ydfD,ydfE,insD-7,intQ,[ynfP]",,,85078,,1.00,1.00,1.00,1.00,1.00,1.00,1.00,1.00,1.00,1.00,1.00,1.00,1.00,1.00,1.00,1.00,,1.00,1.00,1.00,1.00,1.00,1.00,1.00,1.00,1.00,1.00,1.00,,,
NC_000913,"1,662,872",SNP,C→T,ynfF,,putative selenate reductase YnfF,,,85079,R773W (CGG→TGG),,,,,,,,,,,,,,,,,,,,,1.00,1.00,1.00,1.00,1.00,1.00,1.00,1.00,,,
NC_000913,"1,697,216",SNP,T→C,"uidR, hdhA",,DNA-binding transcriptional repressor UidR/7-alpha-hydroxysteroid dehydrogenase,,,85080,intergenic (‑164/+57),,,,,,,,,,,,,1.00,1.00,1.00,1.00,,,1.00,1.00,1.00,1.00,1.00,1.00,1.00,1.00,1.00,1.00,,,
NC_000913,"1,741,062",SNP,T→C,ydhC,,putative transporter YdhC,,,85081,C384C (TGT→TGC),,,,,,,,,,,,,,,,,,,,,1.00,1.00,1.00,1.00,1.00,1.00,1.00,1.00,,,
NC_000913,"1,742,755",SNP,G→C,ribC,,riboflavin synthase,,,85082,P163R (CCG→CGG),1.00,1.00,1.00,1.00,1.00,1.00,1.00,1.00,1.00,1.00,1.00,1.00,1.00,1.00,1.00,1.00,1.00,1.00,1.00,1.00,1.00,1.00,1.00,1.00,1.00,1.00,1.00,1.00,,,
NC_000913,"1,776,533",SNP,G→A,ydiF,,putative acetate-CoA transferase,,,85083,G316D (GGC→GAC),,,,,,,,,,,,,,,,,,,,,1.00,1.00,1.00,1.00,1.00,1.00,1.00,1.00,,,
NC_000913,"1,811,208",SNP,T→C,tcyP,,cystine/sulfocysteine:cation symporter,,,85084,V92A (GTT→GCT),,,,,,,,,,,,,1.00,1.00,1.00,1.00,,,1.00,1.00,1.00,1.00,1.00,1.00,1.00,1.00,1.00,1.00,,,
NC_000913,"1,847,724",INS,(C)6→7,selD,,"selenide, water dikinase",,,85085,coding (285/1044 nt),,,,,,,,,,,,,,,,,,,,,1.00,1.00,1.00,1.00,1.00,1.00,1.00,1.00,,,
NC_000913,"1,872,030",DEL,"Δ1,437 bp",[dgcJ],,[dgcJ],,,85086,,1.00,1.00,1.00,1.00,1.00,1.00,1.00,1.00,1.00,1.00,1.00,1.00,1.00,1.00,1.00,1.00,,1.00,1.00,1.00,1.00,1.00,1.00,1.00,1.00,1.00,1.00,1.00,,,
NC_000913,"1,898,152",SNP,G→A,sdaA,,L-serine deaminase I,,,85087,A407A (GCG→GCA),,,,,,,,,,,,,,,,,,,,,1.00,1.00,1.00,1.00,1.00,1.00,1.00,1.00,,,
NC_000913,"1,907,399",SNP,C→T,cspC,,"stress protein, member of the CspA family",,,85088,E13K (GAG→AAG),,,,,,,,,,,,,1.00,1.00,1.00,1.00,,,1.00,1.00,1.00,1.00,1.00,1.00,1.00,1.00,1.00,1.00,,,
NC_000913,"1,941,784",SNP,A→G,znuA,,Zn(2(+)) ABC transporter periplasmic binding protein,,,85089,V267A (GTC→GCC),,,,,,,,,,,,,,,,,,,,,1.00,1.00,1.00,1.00,1.00,1.00,1.00,1.00,,,
NC_000913,"1,962,566",DEL,"Δ16,764 bp","flhE,flhA,flhB,cheZ,cheY,cheB,cheR,tap,tar,cheW,cheA,motB,motA,flhC,flhD,insB-5,insA-5",,"flhE,flhA,flhB,cheZ,cheY,cheB,cheR,tap,tar,cheW,cheA,motB,motA,flhC,flhD,insB-5,insA-5",,,85090,,1.00,1.00,1.00,1.00,1.00,1.00,1.00,1.00,1.00,1.00,1.00,1.00,1.00,1.00,1.00,1.00,1.00,1.00,1.00,1.00,1.00,1.00,1.00,1.00,1.00,1.00,1.00,1.00,,,
NC_000913,"1,997,112",DEL,"Δ26,567 bp","[tcyN],tcyL,dcyD,tcyJ,fliZ,fliA,fliC,fliD,fliS,fliT,amyA,yedD,yedE,yedF,yedK,yedL,yedN,intG,fliE,fliF,fliG,fliH,fliI,fliJ,fliK,fliL,fliM,fliN,fliO,fliP,fliQ,[fliR]",,"[tcyN],tcyL,dcyD,tcyJ,fliZ,fliA,fliC,fliD,fliS,fliT,amyA,yedD,yedE,yedF,yedK,yedL,yedN,intG,fliE,fliF,fliG,fliH,fliI,fliJ,fliK,fliL,fliM,fliN,fliO,fliP,fliQ,[fliR]",,,85091,,1.00,1.00,1.00,1.00,1.00,1.00,,1.00,1.00,1.00,1.00,1.00,1.00,1.00,1.00,1.00,,1.00,1.00,1.00,1.00,1.00,1.00,1.00,1.00,1.00,1.00,1.00,,,
NC_000913,"2,040,801",SNP,T→C,msrQ,,periplasmic protein-L-methionine sulfoxide reductase heme binding subunit,,,85092,L107L (TTA→CTA),,,,,,,,,,,,,,,,,,,,,1.00,1.00,1.00,1.00,1.00,1.00,1.00,1.00,,,
NC_000913,"2,101,397",DEL,"Δ36,321 bp","[wbbL],insH-7,wbbL,wbbK,wbbJ,wbbI,wbbH,glf,rfbX,rfbC,rfbA,rfbD,rfbB,galF,wcaM,wcaL,wcaK,wzxC,wcaJ,cpsG,cpsB,wcaI,gmm,fcl,gmd,wcaF,wcaE,wcaD,wcaC,wcaB,wcaA,wzc,wzb,wza",,"[wbbL],insH-7,wbbL,wbbK,wbbJ,wbbI,wbbH,glf,rfbX,rfbC,rfbA,rfbD,rfbB,galF,wcaM,wcaL,wcaK,wzxC,wcaJ,cpsG,cpsB,wcaI,gmm,fcl,gmd,wcaF,wcaE,wcaD,wcaC,wcaB,wcaA,wzc,wzb,wza",,,85093,,1.00,1.00,1.00,1.00,1.00,1.00,1.00,1.00,1.00,1.00,1.00,1.00,1.00,1.00,1.00,1.00,1.00,1.00,1.00,1.00,1.00,1.00,1.00,1.00,1.00,1.00,1.00,1.00,,,
NC_000913,"2,165,151",DEL,"Δ12,060 bp","yegP,yegQ,cyaR,ogrK,yegZ,yegR,yegS,gatR,insE-5,insF-5,gatR,gatD,gatC,gatB,gatA,gatZ,gatY",,"yegP,yegQ,cyaR,ogrK,yegZ,yegR,yegS,gatR,insE-5,insF-5,gatR,gatD,gatC,gatB,gatA,gatZ,gatY",,,85094,,1.00,1.00,1.00,1.00,1.00,1.00,1.00,1.00,1.00,1.00,1.00,1.00,1.00,1.00,1.00,1.00,,1.00,1.00,1.00,1.00,1.00,1.00,1.00,1.00,1.00,1.00,1.00,,,
NC_000913,"2,204,350",DEL,"Δ32,368 bp","yehL,yehM,yehP,yehQ,yehR,yehS,btsR,btsS,mlrA,yohO,yehW,yehX,yehY,osmF,bglX,dld,pbpG,yohC,yohD,yohF,mdtQ,yohP,dusC,yohJ,yohK,cdd,sanA,yeiS,preT,preA",,"yehL,yehM,yehP,yehQ,yehR,yehS,btsR,btsS,mlrA,yohO,yehW,yehX,yehY,osmF,bglX,dld,pbpG,yohC,yohD,yohF,mdtQ,yohP,dusC,yohJ,yohK,cdd,sanA,yeiS,preT,preA",,,85095,,1.00,1.00,1.00,1.00,1.00,1.00,1.00,1.00,1.00,1.00,1.00,1.00,1.00,1.00,1.00,1.00,,1.00,1.00,1.00,1.00,1.00,1.00,1.00,1.00,1.00,1.00,1.00,,,
NC_000913,"2,286,401",DEL,"Δ3,780 bp","[yejO],insH-8,[yejO]",,"[yejO],insH-8,[yejO]",,,85096,,1.00,1.00,1.00,1.00,1.00,1.00,1.00,1.00,1.00,1.00,1.00,1.00,1.00,1.00,1.00,1.00,,1.00,1.00,1.00,1.00,1.00,1.00,1.00,1.00,1.00,1.00,1.00,,,
NC_000913,"2,320,144",DEL,"Δ16,489 bp","[atoS],atoC,atoD,atoA,atoE,atoB,yfaP,yfaQ,yfaS,yfaT,[yfaA]",,"[atoS],atoC,atoD,atoA,atoE,atoB,yfaP,yfaQ,yfaS,yfaT,[yfaA]",,,85097,,1.00,1.00,1.00,1.00,1.00,1.00,1.00,1.00,1.00,1.00,1.00,1.00,1.00,1.00,1.00,1.00,,1.00,1.00,1.00,1.00,1.00,1.00,1.00,1.00,1.00,1.00,1.00,,,
NC_000913,"2,406,141",SNP,A→G,lrhA,,DNA-binding transcriptional dual regulator LrhA,,,85098,R167R (CGT→CGC),,,,,,,,,,,,,1.00,1.00,1.00,1.00,1.00,,1.00,1.00,1.00,1.00,1.00,1.00,1.00,1.00,1.00,1.00,,,
NC_000913,"2,416,380",DEL,(TGC)3→2,pta,,phosphate acetyltransferase,,,85099,coding (1634‑1636/2145 nt),,,,,,,,,,,,,,,,,,,,,,,,,,,1.00,,,,
NC_000913,"2,466,545",DEL,"Δ9,634 bp","[intS],yfdG,yfdH,yfdI,yfdK,yfdL,yfdM,yfdN,yfdO,yfdP,yfdQ,yfdR,yfdS,[yfdT],[ypdJ]",,"[intS],yfdG,yfdH,yfdI,yfdK,yfdL,yfdM,yfdN,yfdO,yfdP,yfdQ,yfdR,yfdS,[yfdT],[ypdJ]",,,85100,,1.00,1.00,1.00,1.00,1.00,1.00,1.00,1.00,1.00,1.00,1.00,1.00,1.00,1.00,1.00,1.00,,1.00,1.00,1.00,1.00,1.00,1.00,1.00,1.00,1.00,1.00,1.00,,,
NC_000913,"2,509,631",DEL,"Δ8,319 bp","[yfeO],ypeC,mntH,nupC,insL-3,pdeA",,"[yfeO],ypeC,mntH,nupC,insL-3,pdeA",,,85101,,1.00,1.00,1.00,1.00,1.00,1.00,1.00,1.00,1.00,1.00,1.00,1.00,1.00,1.00,1.00,1.00,,1.00,1.00,1.00,1.00,1.00,1.00,1.00,1.00,1.00,1.00,1.00,,,
NC_000913,"2,558,699",DEL,"Δ6,790 bp","intZ,yffL,yffM,yffN,yffO,yffP,yffQ,yffR,yffS,[eutA]",,"intZ,yffL,yffM,yffN,yffO,yffP,yffQ,yffR,yffS,[eutA]",,,85102,,1.00,1.00,1.00,1.00,1.00,1.00,1.00,1.00,1.00,1.00,1.00,1.00,1.00,1.00,1.00,1.00,,1.00,1.00,1.00,1.00,1.00,1.00,1.00,1.00,1.00,1.00,1.00,,,
NC_000913,"2,601,201",DEL,"Δ13,595 bp","[hyfA],hyfB,hyfC,hyfD,hyfE,hyfF,hyfG,hyfH,hyfI,hyfJ,hyfR,focB",,"[hyfA],hyfB,hyfC,hyfD,hyfE,hyfF,hyfG,hyfH,hyfI,hyfJ,hyfR,focB",,,85103,,1.00,1.00,1.00,1.00,1.00,1.00,1.00,1.00,1.00,1.00,1.00,1.00,1.00,1.00,1.00,1.00,,1.00,1.00,1.00,1.00,1.00,1.00,1.00,1.00,1.00,1.00,1.00,,,
NC_000913,"2,662,004",SNP,T→C,iscR,,DNA-binding transcriptional dual regulator IscR,,,85104,E43G (GAA→GGA),,,,,,,,,,,,,,,,1.00,,,,1.00,1.00,1.00,1.00,1.00,1.00,1.00,1.00,1.00,,,
NC_000913,"2,756,138",DEL,Δ1 bp,"ssrA, intA",,tmRNA/CP4-57 prophage; integrase,,,85105,intergenic (+183/‑21),1.00,1.00,1.00,1.00,1.00,1.00,1.00,1.00,1.00,1.00,1.00,1.00,1.00,1.00,1.00,1.00,1.00,1.00,1.00,1.00,1.00,1.00,1.00,1.00,1.00,1.00,1.00,1.00,,,
NC_000913,"2,756,160",DEL,"Δ35,091 bp","[intA],yfjH,alpA,yfjI,yfjJ,abpB,abpA,yfjM,rnlA,rnlB,yfjP,yfjQ,yfjR,ypjK,yfjS,yfjT,yfjU,yfjV,yfjW,ypjI,yfjX,yfjY,ypjJ,yfjZ,ypjF,ypjA,pinH,ypjB,ypjC,ileY,ygaQ,csiD,[lhgO]",,"[intA],yfjH,alpA,yfjI,yfjJ,abpB,abpA,yfjM,rnlA,rnlB,yfjP,yfjQ,yfjR,ypjK,yfjS,yfjT,yfjU,yfjV,yfjW,ypjI,yfjX,yfjY,ypjJ,yfjZ,ypjF,ypjA,pinH,ypjB,ypjC,ileY,ygaQ,csiD,[lhgO]",,,85106,,1.00,1.00,1.00,1.00,1.00,1.00,1.00,1.00,1.00,1.00,1.00,1.00,1.00,1.00,1.00,1.00,,1.00,1.00,1.00,1.00,1.00,1.00,1.00,1.00,1.00,1.00,1.00,,,
NC_000913,"2,793,867",SNP,C→A,gabT,,4-aminobutyrate aminotransferase GabT,,,85107,A378D (GCT→GAT),,,,,,,,,,,,,1.00,1.00,1.00,1.00,1.00,,1.00,1.00,1.00,1.00,1.00,1.00,1.00,1.00,1.00,1.00,,,
NC_000913,"2,798,370",DEL,(TTC)4→3,stpA,,DNA-binding transcriptional repressor StpA with RNA chaperone activity,,,85108,coding (124‑126/405 nt),,,,,,,,,,,,,1.00,1.00,1.00,1.00,1.00,,1.00,1.00,1.00,1.00,1.00,1.00,1.00,1.00,1.00,1.00,,,
NC_000913,"2,813,364",SNP,T→C,emrB,,multidrug efflux pump membrane subunit EmrB,,,85109,V250A (GTC→GCC),,,,,,,,,,,,,,,,,,,,,1.00,1.00,1.00,1.00,1.00,1.00,1.00,1.00,,,
NC_000913,"2,843,412",SNP,C→T,hycH,,formate hydrogenlyase assembly protein,,,85110,R12H (CGT→CAT),1.00,1.00,1.00,1.00,1.00,1.00,1.00,1.00,1.00,1.00,1.00,1.00,1.00,1.00,1.00,1.00,1.00,1.00,1.00,1.00,1.00,1.00,1.00,1.00,1.00,1.00,1.00,1.00,,,
NC_000913,"2,994,992",DEL,"Δ3,877 bp","[ygeL],ygeN,ygeO,insD-4,insC-4,ygeP,ygeQ",,"[ygeL],ygeN,ygeO,insD-4,insC-4,ygeP,ygeQ",,,85111,,1.00,1.00,1.00,1.00,1.00,1.00,1.00,1.00,1.00,1.00,1.00,1.00,1.00,1.00,1.00,1.00,1.00,1.00,1.00,1.00,1.00,1.00,1.00,1.00,1.00,1.00,1.00,1.00,,,
NC_000913,"3,052,352",SNP,C→A,ubiH,,2-octaprenyl-6-methoxyphenol hydroxylase,,,85112,W389C (TGG→TGT),,,,,,,,,,,,,,,,,,,,,,,,,1.00,1.00,1.00,1.00,,,
NC_000913,"3,052,705",SNP,G→A,ubiH,,2-octaprenyl-6-methoxyphenol hydroxylase,,,85113,H272Y (CAC→TAC),,,,,,,,,,,,,,,,,,,,,,,,,,,1.00,,,,
NC_000913,"3,090,282",SNP,C→T,"yggI, endA",,conserved protein YggI/DNA-specific endonuclease I,,,85114,intergenic (+30/‑65),1.00,1.00,1.00,1.00,1.00,1.00,1.00,1.00,1.00,1.00,1.00,1.00,1.00,1.00,1.00,1.00,1.00,1.00,1.00,1.00,1.00,1.00,1.00,1.00,1.00,1.00,1.00,1.00,,,
NC_000913,"3,090,341",DEL,Δ1 bp,"yggI, endA",,conserved protein YggI/DNA-specific endonuclease I,,,85115,intergenic (+89/‑6),1.00,1.00,1.00,1.00,1.00,1.00,1.00,1.00,1.00,1.00,1.00,1.00,1.00,1.00,1.00,1.00,1.00,1.00,1.00,1.00,1.00,1.00,1.00,1.00,1.00,1.00,1.00,1.00,,,
NC_000913,"3,090,347",DEL,Δ708 bp,endA,,DNA-specific endonuclease I,,,85116,coding (1‑708/708 nt),1.00,1.00,1.00,1.00,1.00,1.00,1.00,1.00,1.00,1.00,1.00,1.00,1.00,1.00,1.00,1.00,,1.00,1.00,1.00,1.00,1.00,1.00,1.00,1.00,1.00,1.00,1.00,,,
NC_000913,"3,091,305",SNP,A→G,rsmE,,16S rRNA m(3)U1498 methyltransferase,,,85117,S58G (AGC→GGC),1.00,1.00,1.00,1.00,1.00,1.00,1.00,1.00,1.00,1.00,1.00,1.00,1.00,1.00,1.00,1.00,1.00,1.00,1.00,1.00,1.00,1.00,1.00,1.00,1.00,1.00,1.00,1.00,,,
NC_000913,"3,110,680",SUB,25702 bp→GA,"[yghD],yghE,yghF,yghG,pppA,yghJ,glcA,glcB,glcG,glcF,glcE,glcD,glcC,yghO,insH-9,yghQ,yghR,yghS,yghT,pitB",,"[yghD],yghE,yghF,yghG,pppA,yghJ,glcA,glcB,glcG,glcF,glcE,glcD,glcC,yghO,insH-9,yghQ,yghR,yghS,yghT,pitB",,,85118,,1.00,1.00,1.00,1.00,1.00,1.00,1.00,1.00,1.00,1.00,1.00,1.00,1.00,1.00,1.00,,,1.00,1.00,1.00,1.00,1.00,1.00,1.00,1.00,1.00,1.00,1.00,,,
NC_000913,"3,184,782",DEL,"Δ6,916 bp","ubiK,ygiL,yqiG,insC-5,insD-5,yqiG,yqiH,yqiI",,"ubiK,ygiL,yqiG,insC-5,insD-5,yqiG,yqiH,yqiI",,,85119,,1.00,1.00,1.00,1.00,1.00,1.00,1.00,1.00,1.00,1.00,1.00,1.00,1.00,1.00,1.00,1.00,,1.00,1.00,1.00,1.00,1.00,1.00,1.00,1.00,1.00,1.00,1.00,,,
NC_000913,"3,213,803",SNP,T→C,rpoD,,"RNA polymerase, sigma 70 (sigma D) factor",,,85120,S253P (TCT→CCT),,,,,,,,,,,,,1.00,1.00,1.00,1.00,1.00,,1.00,1.00,1.00,1.00,1.00,1.00,1.00,1.00,1.00,1.00,,,
NC_000913,"3,362,162",DEL,"Δ5,481 bp","[yhcA],yhcD,yhcE,insH-10,yhcE,[yhcF]",,"[yhcA],yhcD,yhcE,insH-10,yhcE,[yhcF]",,,85121,,1.00,1.00,1.00,1.00,1.00,1.00,1.00,1.00,1.00,1.00,1.00,1.00,1.00,1.00,1.00,1.00,,1.00,1.00,1.00,1.00,1.00,1.00,1.00,1.00,1.00,1.00,1.00,,,
NC_000913,"3,453,928",DEL,"Δ15,926 bp","gspA,gspC,gspD,gspE,gspF,gspG,gspH,gspI,gspJ,gspK,gspL,gspM,gspO,bfr,bfd,[chiA]",,"gspA,gspC,gspD,gspE,gspF,gspG,gspH,gspI,gspJ,gspK,gspL,gspM,gspO,bfr,bfd,[chiA]",,,85122,,1.00,1.00,1.00,1.00,1.00,1.00,1.00,1.00,1.00,1.00,1.00,1.00,1.00,1.00,1.00,1.00,,1.00,1.00,1.00,1.00,1.00,1.00,1.00,1.00,1.00,1.00,1.00,,,
NC_000913,"3,477,150",SNP,C→T,fkpA,,peptidyl-prolyl cis-trans isomerase FkpA,,,85123,K90K (AAG→AAA),1.00,1.00,1.00,1.00,1.00,1.00,1.00,1.00,1.00,1.00,1.00,1.00,1.00,1.00,1.00,1.00,1.00,1.00,1.00,1.00,1.00,1.00,1.00,1.00,1.00,1.00,1.00,1.00,,,
NC_000913,"3,495,261",SNP,A→G,nirB,,nitrite reductase catalytic subunit NirB,,,85124,K417K (AAA→AAG),,,,,,,,,,,,,,,,,,,,,,,,,1.00,1.00,1.00,1.00,,,
NC_000913,"3,513,003",SNP,A→G,trpS,,tryptophan--tRNA ligase,,,85125,D212D (GAT→GAC),1.00,1.00,1.00,1.00,1.00,1.00,1.00,1.00,1.00,1.00,1.00,1.00,1.00,1.00,1.00,1.00,1.00,1.00,1.00,1.00,1.00,1.00,1.00,1.00,1.00,1.00,1.00,1.00,,,
NC_000913,"3,527,760",SNP,A→G,igaA,,inner membrane protein - inhibits the Rcs signaling pathway,,,85126,N431S (AAC→AGC),,,,,,,,,,,,,1.00,1.00,1.00,1.00,,,1.00,1.00,1.00,1.00,1.00,1.00,1.00,1.00,1.00,1.00,,,
NC_000913,"3,581,139",SUB,3915 bp→6 bp,"[yhhY],yhhZ,yrhA,insA-6,insB-6,yrhA,yrhD,yrhB",,"[yhhY],yhhZ,yrhA,insA-6,insB-6,yrhA,yrhD,yrhB",,,85127,,1.00,1.00,1.00,1.00,1.00,1.00,1.00,1.00,1.00,1.00,1.00,1.00,1.00,1.00,1.00,1.00,,1.00,1.00,1.00,1.00,1.00,1.00,1.00,1.00,1.00,1.00,1.00,,,
NC_000913,"3,618,992",DEL,"Δ6,688 bp","rhsB,yhhH,yhhI,[yhhJ]",,"rhsB,yhhH,yhhI,[yhhJ]",,,85128,,1.00,1.00,1.00,1.00,1.00,1.00,1.00,1.00,1.00,1.00,1.00,1.00,1.00,1.00,1.00,1.00,,1.00,1.00,1.00,1.00,1.00,1.00,1.00,1.00,1.00,1.00,1.00,,,
NC_000913,"3,651,293",DEL,"Δ2,422 bp","[yhiS],insH-11,yhiS",,"[yhiS],insH-11,yhiS",,,85129,,1.00,1.00,1.00,1.00,1.00,1.00,1.00,1.00,1.00,1.00,1.00,1.00,1.00,1.00,1.00,1.00,,1.00,1.00,1.00,1.00,1.00,1.00,1.00,1.00,1.00,1.00,1.00,,,
NC_000913,"3,720,597",DEL,Δ1 bp,hokA,,small toxic polypeptide,,,85130,coding (4/153 nt),1.00,1.00,1.00,1.00,1.00,1.00,1.00,1.00,1.00,1.00,1.00,1.00,1.00,1.00,1.00,1.00,1.00,1.00,1.00,1.00,1.00,1.00,1.00,1.00,1.00,1.00,1.00,1.00,,,
NC_000913,"3,720,634",DEL,"Δ1,442 bp","insJ,insK",,"insJ,insK",,,85131,IS150‑mediated,1.00,1.00,1.00,1.00,1.00,1.00,1.00,1.00,1.00,1.00,1.00,1.00,1.00,1.00,1.00,1.00,,1.00,1.00,1.00,1.00,1.00,1.00,1.00,1.00,1.00,1.00,1.00,,,
NC_000913,"3,761,993",DEL,"Δ8,250 bp","rhsA,yibA,yibJ,yibG,yibS,yibV",,"rhsA,yibA,yibJ,yibG,yibS,yibV",,,85132,,1.00,1.00,1.00,1.00,1.00,1.00,1.00,1.00,1.00,1.00,1.00,1.00,1.00,1.00,1.00,1.00,,1.00,1.00,1.00,1.00,1.00,1.00,1.00,1.00,1.00,1.00,1.00,,,
NC_000913,"3,801,078",DEL,(T)7→6,waaJ,,"UDP-glucose:(glucosyl)LPS alpha-1,2-glucosyltransferase",,,85133,coding (922/1017 nt),1.00,1.00,1.00,1.00,1.00,1.00,1.00,1.00,1.00,1.00,1.00,1.00,1.00,1.00,1.00,1.00,1.00,1.00,1.00,1.00,1.00,1.00,1.00,1.00,1.00,1.00,1.00,1.00,,,
NC_000913,"3,816,579",SNP,G→A,"rph, yicC",,truncated RNase PH/UPF0701 family protein YicC,,,85134,intergenic (‑30/‑97),,,,,,,,,,,,,1.00,1.00,1.00,1.00,,,1.00,1.00,1.00,1.00,1.00,1.00,1.00,1.00,1.00,1.00,,,
NC_000913,"3,829,233",SNP,C→A,xanP,,xanthine:H(+) symporter XanP,,,85135,L97M (CTG→ATG),,,,,,,,,,,,,1.00,1.00,1.00,1.00,1.00,,1.00,1.00,1.00,1.00,1.00,1.00,1.00,1.00,1.00,1.00,,,
NC_000913,"3,850,891",SNP,G→A,ilvN,,acetohydroxy acid synthase I subunit IlvN,,,85136,Q68* (CAA→TAA),,,,,,,,,,,,,1.00,1.00,1.00,1.00,1.00,,1.00,1.00,1.00,1.00,1.00,1.00,1.00,1.00,1.00,1.00,,,
NC_000913,"3,871,692",SNP,C→T,dgoT,,putative D-galactonate transporter,,,85137,R13R (CGG→CGA),,,,,,,,,,,,,,,,,,,,,,,,,1.00,1.00,1.00,1.00,,,
NC_000913,"3,888,432",DEL,"Δ18,167 bp","tnaC,tnaA,tnaB,mdtL,yidZ,yieE,yieF,adeP,yieH,cbrB,cbrC,yieK,yieL,bglH,bglB,bglF,bglG",,"tnaC,tnaA,tnaB,mdtL,yidZ,yieE,yieF,adeP,yieH,cbrB,cbrC,yieK,yieL,bglH,bglB,bglF,bglG",,,85138,,1.00,1.00,1.00,1.00,1.00,1.00,1.00,1.00,1.00,,1.00,1.00,1.00,1.00,1.00,1.00,,1.00,1.00,1.00,1.00,1.00,1.00,1.00,1.00,1.00,1.00,1.00,,,
NC_000913,"3,926,696",SNP,C→T,asnC,,DNA-binding transcriptional dual regulator AsnC,,,85139,G103D (GGC→GAC),,,,,,,,,,,,,,,,,,,,,1.00,1.00,1.00,1.00,1.00,1.00,1.00,1.00,,,
NC_000913,"3,948,805",INS,(G)6→7,yifB,,putative magnesium chelatase YifB,,,85140,coding (1165/1521 nt),,,,,,,,,,,,,1.00,1.00,1.00,1.00,1.00,,1.00,1.00,1.00,1.00,1.00,1.00,1.00,1.00,1.00,1.00,,,
NC_000913,"3,979,769",SNP,C→T,wzyE,,enterobacterial common antigen polymerase,,,85141,A390V (GCG→GTG),,,,,,,,,,,,,,,,,,,,,1.00,1.00,1.00,1.00,1.00,1.00,1.00,1.00,,,
NC_000913,"3,980,957",INS,(G)6→7,yifK,,putative transporter YifK,,,85142,coding (71/1386 nt),,,,,,,,,,,,,1.00,1.00,1.00,1.00,,,1.00,1.00,1.00,1.00,1.00,1.00,1.00,1.00,1.00,1.00,,,
NC_000913,"3,983,666",SNP,T→C,aslB,,putative anaerobic sulfatase maturation enzyme AslB,,,85143,F237L (TTC→CTC),,,,,,,,,,,,,,,,,,,,,,,,,1.00,1.00,1.00,1.00,,,
NC_000913,"4,093,223",SNP,A→G,rhaM,,L-rhamnose mutarotase,,,85144,V72V (GTT→GTC),1.00,1.00,1.00,1.00,1.00,1.00,1.00,1.00,1.00,1.00,1.00,1.00,1.00,1.00,1.00,1.00,1.00,1.00,1.00,1.00,1.00,1.00,1.00,1.00,1.00,1.00,1.00,1.00,,,
NC_000913,"4,299,628",DEL,"Δ25,538 bp","[mdtP],mdtO,mdtN,ytcA,yjcS,alsK,alsE,alsC,alsA,alsB,alsR,rpiB,yjdP,phnP,phnO,phnN,phnM,phnL,phnK,phnJ,phnI,phnH,phnG,phnF,phnE,phnD,[phnC]",,"[mdtP],mdtO,mdtN,ytcA,yjcS,alsK,alsE,alsC,alsA,alsB,alsR,rpiB,yjdP,phnP,phnO,phnN,phnM,phnL,phnK,phnJ,phnI,phnH,phnG,phnF,phnE,phnD,[phnC]",,,85145,,1.00,1.00,1.00,1.00,1.00,1.00,1.00,1.00,1.00,1.00,1.00,1.00,1.00,1.00,1.00,1.00,,1.00,1.00,1.00,1.00,1.00,1.00,1.00,1.00,1.00,1.00,1.00,,,
NC_000913,"4,354,915",SNP,G→A,"lysU, dtpC",,lysine--tRNA ligase/Ap4A synthetase/Ap3A synthetase/dipeptide/tripeptide:H(+) symporter DtpC,,,85146,intergenic (‑198/+39),1.00,1.00,1.00,1.00,1.00,1.00,1.00,1.00,1.00,1.00,1.00,1.00,1.00,1.00,1.00,1.00,1.00,1.00,1.00,1.00,1.00,1.00,1.00,1.00,1.00,1.00,1.00,1.00,,,
NC_000913,"4,438,124",SNP,T→C,ytfI,,protein YtfI,,,85147,W140R (TGG→CGG),1.00,1.00,1.00,1.00,1.00,1.00,1.00,1.00,1.00,1.00,1.00,1.00,1.00,1.00,1.00,1.00,1.00,1.00,1.00,1.00,1.00,1.00,1.00,1.00,1.00,1.00,1.00,1.00,,,
NC_000913,"4,485,906",SNP,C→A,pepA,,aminopeptidase A/I,,,85148,A16S (GCC→TCC),1.00,1.00,1.00,1.00,1.00,1.00,1.00,1.00,1.00,1.00,1.00,1.00,1.00,1.00,1.00,1.00,1.00,1.00,1.00,1.00,1.00,1.00,1.00,1.00,1.00,1.00,1.00,1.00,,,
NC_000913,"4,496,676",DEL,"Δ53,036 bp","intB,insC-6,insD-6,yjgX,yjgZ,insG,yjhB,yjhC,ythA,yjhD,yjhE,insO,insI-3,insO,insO,yjhV,fecE,fecD,fecC,fecB,fecA,fecR,fecI,insA-7,yjhU,yjhF,yjhG,yjhH,yjhI,sgcR,sgcE,sgcA,ryjB,sgcQ,sgcC,sgcB,sgcX,yjhP,yjhQ,topAI,yjhZ,yjhR,nanS,nanM,nanC,fimB,fimE,fimA,fimI,fimC,fimD,fimF,fimG,fimH",,"intB,insC-6,insD-6,yjgX,yjgZ,insG,yjhB,yjhC,ythA,yjhD,yjhE,insO,insI-3,insO,insO,yjhV,fecE,fecD,fecC,fecB,fecA,fecR,fecI,insA-7,yjhU,yjhF,yjhG,yjhH,yjhI,sgcR,sgcE,sgcA,ryjB,sgcQ,sgcC,sgcB,sgcX,yjhP,yjhQ,topAI,yjhZ,yjhR,nanS,nanM,nanC,fimB,fimE,fimA,fimI,fimC,fimD,fimF,fimG,fimH",,,85149,,1.00,1.00,1.00,1.00,1.00,1.00,1.00,1.00,1.00,1.00,1.00,1.00,1.00,1.00,1.00,1.00,1.00,1.00,1.00,1.00,1.00,1.00,1.00,1.00,1.00,1.00,1.00,1.00,,,
NC_000913,"4,555,491",DEL,"Δ41,523 bp","[yjiC],ytiC,ytiD,idlP,iraD,hypT,iadA,yjiG,yjiH,kptA,yjiJ,yjiK,ytiA,yjiL,yjiM,yjiN,mdtM,rpnD,yjiR,yjiS,yjiT,yjiV,mcrC,mcrB,symE,symR,hsdS,hsdM,hsdR,mrr,yjiA,yjiX,btsT,tsr,lgoT,lgoR,lgoD",,"[yjiC],ytiC,ytiD,idlP,iraD,hypT,iadA,yjiG,yjiH,kptA,yjiJ,yjiK,ytiA,yjiL,yjiM,yjiN,mdtM,rpnD,yjiR,yjiS,yjiT,yjiV,mcrC,mcrB,symE,symR,hsdS,hsdM,hsdR,mrr,yjiA,yjiX,btsT,tsr,lgoT,lgoR,lgoD",,,85150,,1.00,1.00,1.00,1.00,1.00,1.00,1.00,1.00,1.00,1.00,1.00,1.00,1.00,1.00,1.00,1.00,,1.00,1.00,1.00,1.00,1.00,1.00,1.00,1.00,1.00,1.00,1.00,,,
NC_000913,"4,626,183",DEL,(GCG)3→2,radA,,DNA recombination protein,,,85151,coding (272‑274/1383 nt),,,,,,,,,,,,,,,,,,,,,1.00,1.00,1.00,1.00,1.00,1.00,1.00,1.00,,,
NC_000913,"2,846,301",DEL,"Δ20,968 bp","[hycE],hycD,hycC,hycB,hycA,hypA,hypB,hypC,hypD,hypE,fhlA,ygbA,mutS,pphB,ygbI,ygbJ,ygbK,ygbL,ygbM,ygbN,[rpoS]",,"[hycE],hycD,hycC,hycB,hycA,hypA,hypB,hypC,hypD,hypE,fhlA,ygbA,mutS,pphB,ygbI,ygbJ,ygbK,ygbL,ygbM,ygbN,[rpoS]",,,85152,,,,,,,,,,,,,,1.00,1.00,1.00,1.00,,,1.00,1.00,1.00,1.00,1.00,1.00,,,,,,,
NC_000913,"3,440,194",SNP,C→A,rpoA,,RNA polymerase subunit alpha,,,85153,G279V (GGT→GTT),,,,,1.00,,,1.00,1.00,1.00,,,,,,,,,,,,,,,,,,,,,
NC_000913,"3,593,299",DEL,Δ10 bp,livF,,branched chain amino acid/phenylalanine ABC transporter ATP binding subunit LivF,,,85154,coding (130‑139/714 nt),,,,,,,,1.00,1.00,1.00,,,,,,,,,,,,,,,,,,,,,
NC_000913,"4,400,289",DEL,Δ7 bp,hfq,,RNA-binding protein Hfq,,,85155,coding (2‑8/309 nt),1.00,1.00,1.00,1.00,1.00,1.00,1.00,1.00,1.00,1.00,,,,,,,,,,,,,,,,,,,,,
NC_000913,"87,417",SNP,G→T,ilvH,,"acetolactate synthase/acetohydroxybutanoate synthase, regulatory subunit",,,85156,G21C (GGC→TGC),,,,,,,1.00,,,,,,,,,,,,,,,,,,,,,,,,
NC_000913,"88,159",SNP,G→T,cra,,DNA-binding transcriptional dual regulator Cra,,,85157,E44D (GAG→GAT),,,,,,,1.00,,,,,,,,,,,,,,,,,,,,,,,,
NC_000913,"90,450",SNP,G→T,rsmH,,16S rRNA m(4)C1402 methyltransferase,,,85158,M119I (ATG→ATT),,,,,,,1.00,,,,,,,,,,,,,,,,,,,,,,,,
NC_000913,"612,648",SNP,G→T,"fepA, fes",,ferric enterobactin outer membrane transporter/enterochelin esterase,,,85159,intergenic (‑154/‑89),,,,1.00,,1.00,1.00,,,,,,,,,,,,,,,,,,,,,,,,
NC_000913,"1,342,922",SNP,C→T,yciH,,putative translation factor,,,85160,R89C (CGT→TGT),,,,,,,1.00,,,,,,,,,,,,,,,,,,,,,,,,
NC_000913,"1,761,556",SNP,A→C,sufD,,Fe-S cluster scaffold complex subunit SufD,,,85161,L79* (TTA→TGA),,,,1.00,,1.00,1.00,,,,,,,,,,,,,,,,,,,,,,,,
NC_000913,"380,021",DEL,(G)10→8,"frmR, yaiO",,DNA-binding transcriptional repressor FrmR/outer membrane protein YaiO,,,85162,intergenic (‑140/+47),,,,,,,,,,,,,,,,,,,,1.00,,,,,,,,,,,
NC_000913,"1,653,007",SNP,T→C,rspB,,putative zinc-binding dehydrogenase RspB,,,85163,P303P (CCA→CCG),,,,,,,,,,,,,,,,1.00,,,,1.00,,,,,,,,,,,
NC_000913,"2,715,660",INS,(G)5→6,eamB,,cysteine/O-acetylserine exporter EamB,,,85164,coding (238/588 nt),,,,,,,,,,,,,,,,,,,,1.00,,,,,,,,,,,
NC_000913,"3,926,760",SNP,A→G,asnC,,DNA-binding transcriptional dual regulator AsnC,,,85165,Y82H (TAC→CAC),,,,,,,,,,,,,,,,,,,,1.00,,,,,,,,,,,
NC_000913,"4,063,143",SNP,T→C,yihN,,putative transporter YihN,,,85166,A299A (GCT→GCC),,,,,,,,,,,,,,,,,,,,1.00,,,,,,,,,,,
NC_000913,"195,495",SNP,A→G,ispU,,undecaprenyl diphosphate synthase,,,85167,E198G (GAG→GGG),,,,,,,,,,,,,,1.00,,,,,,,,,,,,,,,,,
NC_000913,"1,560,033",SNP,C→T,ddpB,,"putative D,D-dipeptide ABC transporter membrane subunit DdpB",,,85168,A299A (GCG→GCA),,,,,,,,,,,,,,1.00,,,,,,,,,,,,,,,,,
NC_000913,"2,405,556",SNP,T→C,"nuoA, lrhA",,NADH:quinone oxidoreductase subunit A/DNA-binding transcriptional dual regulator LrhA,,,85169,intergenic (‑484/+147),,,,,,,,,,,,,,1.00,,,,,,,,,,,,,,,,,
NC_000913,"2,898,938",SNP,T→C,ygcU,,putative FAD-containing dehydrogenase,,,85170,I161V (ATC→GTC),,,,,,,,,,,,,,1.00,,,,,,,,,,,,,,,,,
NC_000913,"380,020",DEL,(G)10→7,"frmR, yaiO",,DNA-binding transcriptional repressor FrmR/outer membrane protein YaiO,,,85171,intergenic (‑139/+47),,,,,,,,,,,,,,,,1.00,,,,,,,,,,,,,,,
NC_000913,"380,022",INS,(G)10→11,"frmR, yaiO",,DNA-binding transcriptional repressor FrmR/outer membrane protein YaiO,,,85172,intergenic (‑141/+47),,,,,,,,,,,,,,,,1.00,,,,,,,,,,,,,,,
NC_000913,"1,715,296",SNP,C→T,pdxY,,pyridoxal kinase 2,,,85173,L198L (CTG→CTA),,,,,,,,,,,,,,,,1.00,,,,,,,,,,,,,,,
NC_000913,"2,316,813",SNP,G→A,rcsB,,DNA-binding transcriptional activator RcsB,,,85174,A213T (GCA→ACA),,,,,,,,,,,,,,,,1.00,,,,,,,,,,,,,,,
NC_000913,"220,099",SNP,A→G,"rcsF, metQ",,outer membrane lipoprotein RcsF/L-methionine/D-methionine ABC transporter membrane anchored binding protein,,,85175,intergenic (‑104/+14),,,,,,,,,,,,,,,,,,,,,,,,1.00,,,,,,,
NC_000913,"612,647",SNP,C→T,"fepA, fes",,ferric enterobactin outer membrane transporter/enterochelin esterase,,,85176,intergenic (‑153/‑90),,,,,,,,,,,,,,,,,,,,,,,,1.00,,,,,,,
NC_000913,"978,231",SNP,C→T,mukB,,chromosome partitioning protein MukB,,,85177,L636L (CTG→TTG),,,,,,,,,,,,,,,,,,,,,,,,1.00,,,,,,,
NC_000913,"1,656,514",SNP,G→A,speG,,spermidine N-acetyltransferase,,,85178,G111S (GGC→AGC),,,,,,,,,,,,,,,,,,,,,,,,1.00,,,,,,,
NC_000913,"3,093,157",SNP,T→C,yqgE,,DUF179 domain-containing protein YqgE,,,85179,L74P (CTC→CCC),,,,,,,,,,,,,,,,,,,,,,,,1.00,,,,,,,
NC_000913,"3,240,984",INS,(G)7→8,sstT,,serine/threonine:Na(+) symporter,,,85180,coding (1041/1245 nt),,,,,,,,,,,,,,,,,,,,,,,,1.00,,,,,,,
NC_000913,"3,354,900",SNP,T→A,gltB,,glutamate synthase subunit GltB,,,85181,L59* (TTA→TAA),,,,,,,,,,,,,,,,,,,,,,,,1.00,,,,,,,
NC_000913,"4,034,771",SNP,C→T,hemG,,protoporphyrinogen oxidase,,,85182,A55V (GCT→GTT),,,,,,,,,,,,,,,,,,,,,,,,1.00,,,,,,,
NC_000913,"380,112",DEL,"Δ8,537 bp","[yaiO],yaiX,insC-1,insD-1,yaiX,yaiP,ykiC,yaiS,tauA,tauB,tauC,tauD",,"[yaiO],yaiX,insC-1,insD-1,yaiX,yaiP,ykiC,yaiS,tauA,tauB,tauC,tauD",,,85183,,,,,,,,,,,,,,,,,,,,,,,,,,,,,1.00,,,
NC_000913,"388,654",DEL,Δ1 bp,"tauD, hemB",,taurine dioxygenase/porphobilinogen synthase,,,85184,intergenic (+8/+99),,,,,,,,,,,,,,,,,,,,,,,,,,,,1.00,,,
NC_000913,"367,573",SNP,G→A,"lacI, mhpR",,DNA-binding transcriptional repressor LacI/DNA-binding transcriptional activator MhpR,,,85185,intergenic (‑63/+14),,,,,,,,,,,,,,,,,1.00,,,,,,,,,,,,,,
NC_000913,"1,197,502",SNP,C→T,ymfD,,e14 prophage; putative SAM-dependent methyltransferase,,,85186,G11R (GGA→AGA),,,,,,,,,,,,,,,,,1.00,,,,,,,,,,,,1.00,,
NC_000913,"1,544,022",SUB,1 bp→AA,narU,,nitrate/nitrite transporter NarU,,,85187,coding (39/1389 nt),,,,,,,,,,,,,,,,,1.00,,,,,,,,,,,,,,1.00
NC_000913,"2,173,363",DEL,Δ2 bp,gatC,,galactitol-specific PTS enzyme IIC component,,,85188,pseudogene (915‑916/1358 nt),,,,,,,,,,,,,,,,,1.00,,,,,,,,,,,,1.00,,1.00
NC_000913,"1,978,503",DEL,Δ776 bp,"insB-5,insA-5",,"insB-5,insA-5",,,85189,,,,,,,,,,,,,,,,,,,,,,,,,,,,,,1.00,,1.00
NC_000913,"2,679,525",SNP,G→T,yphG,,DUF5107 domain-containing protein YphG,,,85190,A1074D (GCT→GAT),,,,,,,,,,,,,,,,,,,,,,,,,,,,,1.00,,
NC_000913,"2,795,396",SNP,C→A,gabP,,4-aminobutyrate:H(+) symporter,,,85191,Q382K (CAG→AAG),,,,,,,,,,,,,,,,,,,,,,,,,,,,,1.00,1.00,
NC_000913,"4,188,282",SNP,G→A,rpoC,,RNA polymerase subunit beta',,,85192,R978H (CGT→CAT),,,,,,,,,,,,,,,,,,,,,,,,,,,,,1.00,1.00,
NC_000913,"4,604,716",SNP,C→A,bglJ,,DNA-binding transcriptional regulator BglJ,,,85193,A186E (GCA→GAA),,,,,,,,,,,,,,,,,,,,,,,,,,,,,1.00,,1.00
NC_000913,"1,197,137",DEL,"Δ25,940 bp","[ymfD],ymfE,lit,intE,xisE,ymfH,ymfI,ymfJ,ymfK,ymfT,ymfL,ymfM,oweE,ymfN,aaaE,ymfR,beeE,jayE,ymfQ,ycfK,tfaP,tfaE,stfE,pinE,mcrA,icdC,iraM,ymgK,ymgL,ycgX,bluR,bluF,ycgZ,ymgA,ariR,ymgC,pdeG,ymgF,ycgH,ymgD,ymgG,[ymgI]",,"[ymfD],ymfE,lit,intE,xisE,ymfH,ymfI,ymfJ,ymfK,ymfT,ymfL,ymfM,oweE,ymfN,aaaE,ymfR,beeE,jayE,ymfQ,ycfK,tfaP,tfaE,stfE,pinE,mcrA,icdC,iraM,ymgK,ymgL,ycgX,bluR,bluF,ycgZ,ymgA,ariR,ymgC,pdeG,ymgF,ycgH,ymgD,ymgG,[ymgI]",,,85194,,1.00,,,,,,,,,,,,,,,,,,,,,,,,,,,,,,
NC_000913,"1,223,090",DEL,Δ4 bp,ymgI,,uncharacterized protein YmgI,,,85195,coding (71‑74/174 nt),1.00,,,,,,,,,,,,,,,,,,,,,,,,,,,,,,
NC_000913,"2,106,741",SNP,A→T,wbbH,,putative O-antigen polymerase,,,85196,S162S (TCT→TCA),,,,,,,,,,,,,,,,,,,,,,,,,,,,,,1.00,1.00
NC_000913,"3,815,810",DEL,Δ1 bp,"pyrE, rph",,orotate phosphoribosyltransferase/truncated RNase PH,,,85197,intergenic (‑42/+53),,,,,,,,,,,,,,,,,,,,,,,,,,,,,,1.00,
NC_000913,"1,746,531",SUB,2 bp→CC,valW,,tRNA-Val,,,85198,noncoding (16‑17/77 nt),,,,,,,,,,,,,,,,,,,,,,,,,,,,,,,1.00
NC_000913,"1,746,544",SUB,2 bp→AG,valW,,tRNA-Val,,,85199,noncoding (29‑30/77 nt),,,,,,,,,,,,,,,,,,,,,,,,,,,,,,,1.00
NC_000913,"1,746,547",SNP,C→A,valW,,tRNA-Val,,,85200,noncoding (32/77 nt),,,,,,,,,,,,,,,,,,,,,,,,,,,,,,,1.00
NC_000913,"1,746,550",SNP,G→C,valW,,tRNA-Val,,,85201,noncoding (35/77 nt),,,,,,,,,,,,,,,,,,,,,,,,,,,,,,,1.00
NC_000913,"1,746,558",SNP,G→T,valW,,tRNA-Val,,,85202,noncoding (43/77 nt),,,,,,,,,,,,,,,,,,,,,,,,,,,,,,,1.00
NC_000913,"2,817,170",SNP,C→A,yqaB,,fructose-1-phosphatase,,,85203,E112* (GAA→TAA),,,,,,,,,,,,,,,,,,,,,,,,,,,,,,,1.00
NC_000913,"3,270,262",SNP,A→C,rnpB,,RNase P catalytic RNA component,,,85204,noncoding (331/377 nt),,,,,,,,,,,,,,,,,,,,,,,,,,,,,,,1.00
NC_000913,"3,270,270",SNP,C→G,rnpB,,RNase P catalytic RNA component,,,85205,noncoding (323/377 nt),,,,,,,,,,,,,,,,,,,,,,,,,,,,,,,1.00
NC_000913,"3,270,273",SNP,C→A,rnpB,,RNase P catalytic RNA component,,,85206,noncoding (320/377 nt),,,,,,,,,,,,,,,,,,,,,,,,,,,,,,,1.00
NC_000913,"3,270,278",SNP,G→A,rnpB,,RNase P catalytic RNA component,,,85207,noncoding (315/377 nt),,,,,,,,,,,,,,,,,,,,,,,,,,,,,,,1.00
NC_000913,"3,270,280",SNP,T→C,rnpB,,RNase P catalytic RNA component,,,85208,noncoding (313/377 nt),,,,,,,,,,,,,,,,,,,,,,,,,,,,,,,1.00
NC_000913,"3,270,284",SNP,T→A,rnpB,,RNase P catalytic RNA component,,,85209,noncoding (309/377 nt),,,,,,,,,,,,,,,,,,,,,,,,,,,,,,,1.00
NC_000913,"3,270,295",SNP,G→A,rnpB,,RNase P catalytic RNA component,,,85210,noncoding (298/377 nt),,,,,,,,,,,,,,,,,,,,,,,,,,,,,,,1.00
NC_000913,"3,270,312",SNP,A→G,rnpB,,RNase P catalytic RNA component,,,85211,noncoding (281/377 nt),,,,,,,,,,,,,,,,,,,,,,,,,,,,,,,1.00
NC_000913,"3,270,320",SUB,2 bp→CG,rnpB,,RNase P catalytic RNA component,,,85212,noncoding (272‑273/377 nt),,,,,,,,,,,,,,,,,,,,,,,,,,,,,,,1.00
NC_000913,"3,815,859",DEL,Δ82 bp,[rph],,[rph],,,85213,,,,,,,,,,,,,,,,,,,,,,,,,,,,,,,,1.00
NC_000913,"4,606,331",SNP,A→G,leuQ,,tRNA-Leu,,,82868,noncoding (71/87 nt),,,,,,,,,,,,,,,,1.00,,,,1.00,,,,,,,,,,,
