Reference Seq,Position,Mutation Type,Sequence Change,Gene,Function,Product,GO Process,GO Component,Mut ID,Details,pgiBME A0 F0 I1 R1,pgiBME A13 F8 I1 R1,pgiBME A13 F29 I1 R1,pgiBME A14 F15 I1 R1,pgiBME A14 F22 I1 R1,pgiBME A14 F41 I1 R1,pgiBME A16 F7 I1 R1,pgiBME A16 F27 I1 R1,pgiBME A18 F20 I1 R1,pgiBME A19 F7 I1 R1,pgiBME A19 F20 I2 R1,pgiBME A19 F45 I0 R1,pgiBME A19 F45 I1 R1,pgiBME A19 F45 I2 R1,pgiBME A20 F7 I1 R1,pgiBME A20 F19 I2 R1,pgiBME A21 F26 I1 R1,pgiBME A21 F26 I2 R1,pgiBME A21 F52 I1 R1,pgiBME A22 F8 I1 R1,pgiBME A22 F59 I1 R1,pgiBME A24 F15 I1 R1,pgiBME A24 F26 I1 R1,pgiBME A24 F41 I1 R1
NC_000913_3_bme_pgi,"257,908",DEL,Δ776 bp,[crl],,[crl],,,119835,,1.00,1.00,1.00,1.00,1.00,1.00,1.00,1.00,1.00,1.00,1.00,1.00,1.00,1.00,1.00,1.00,1.00,1.00,1.00,1.00,1.00,1.00,1.00,1.00
NC_000913_3_bme_pgi,"1,529,203",SNP,C→A,rhsE,,"pseudogene, Rhs family",,,119836,pseudogene (1302/2037 nt),,1.00,1.00,1.00,1.00,1.00,,,1.00,1.00,1.00,,1.00,,1.00,1.00,1.00,1.00,1.00,1.00,1.00,1.00,1.00,1.00
NC_000913_3_bme_pgi,"1,529,218",SNP,C→T,rhsE,,"pseudogene, Rhs family",,,119837,pseudogene (1317/2037 nt),,1.00,1.00,1.00,1.00,1.00,,,1.00,1.00,1.00,,1.00,1.00,1.00,1.00,1.00,1.00,1.00,1.00,1.00,1.00,1.00,1.00
NC_000913_3_bme_pgi,"1,978,503",DEL,Δ776 bp,"insB1,insA",,"insB1,insA",,,119838,,1.00,1.00,1.00,1.00,1.00,1.00,1.00,,1.00,1.00,1.00,1.00,1.00,1.00,1.00,1.00,1.00,1.00,1.00,1.00,1.00,1.00,1.00,1.00
NC_000913_3_bme_pgi,"2,173,363",DEL,Δ2 bp,"gatC, gatC",,"pseudogene, galactitol-specific enzyme IIC component of PTS;transport; Transport of small molecules: Carbohydrates, organic acids, alcohols; PTS system galactitol-specific enzyme IIC/pseudogene, galactitol-specific enzyme IIC component of PTS;transport; Transport of small molecules: Carbohydrates, organic acids, alcohols; PTS system galactitol-specific enzyme IIC",,,119839,intergenic (‑1/+1),1.00,1.00,1.00,1.00,1.00,1.00,1.00,1.00,1.00,1.00,1.00,,1.00,1.00,1.00,1.00,1.00,1.00,1.00,1.00,1.00,1.00,1.00,1.00
NC_000913_3_bme_pgi,"3,560,455",INS,+G,"glpR, glpR",,"pseudogene, DNA-binding transcriptional repressor;regulator; Energy metabolism, carbon: Anaerobic respiration; repressor of the glp operon/pseudogene, DNA-binding transcriptional repressor;regulator; Energy metabolism, carbon: Anaerobic respiration; repressor of the glp operon",,,119840,intergenic (‑2/+1),1.00,1.00,1.00,1.00,1.00,1.00,1.00,1.00,1.00,1.00,1.00,1.00,1.00,1.00,1.00,1.00,1.00,1.00,1.00,1.00,1.00,1.00,1.00,1.00
NC_000913_3_bme_pgi,"4,122,984",SNP,C→T,ftsN,,essential cell division protein,,,119841,R119H (CGT→CAT),,,,1.00,1.00,1.00,,,,,,,,,,,,,,,,,,
NC_000913_3_bme_pgi,"4,233,680",SNP,T→C,"lysC, yjbE",,lysine-sensitive aspartokinase 3/extracellular polysaccharide production threonine-rich protein,,,119842,intergenic (‑447/‑2227),,,,1.00,1.00,1.00,,,,,,,,,,,,,,,,,,
NC_000913_3_bme_pgi,"4,233,708",SNP,C→T,"lysC, yjbE",,lysine-sensitive aspartokinase 3/extracellular polysaccharide production threonine-rich protein,,,119843,intergenic (‑475/‑2199),,,,1.00,1.00,1.00,,,,,1.00,1.00,1.00,1.00,,,,,,,,,,
NC_000913_3_bme_pgi,"4,235,408",DEL,Δ1 bp,"lysC, yjbE",,lysine-sensitive aspartokinase 3/extracellular polysaccharide production threonine-rich protein,,,119844,intergenic (‑2175/‑499),1.00,1.00,1.00,1.00,1.00,1.00,1.00,1.00,1.00,1.00,1.00,,1.00,1.00,1.00,1.00,1.00,1.00,1.00,1.00,1.00,1.00,1.00,1.00
NC_000913_3_bme_pgi,"4,296,382",INS,+GC,"gltP, yjcO",,glutamate/aspartate:proton symporter/Sel1 family TPR-like repeat protein,,,119845,intergenic (+587/+55),1.00,1.00,1.00,1.00,1.00,1.00,1.00,1.00,1.00,1.00,1.00,,1.00,1.00,1.00,1.00,1.00,1.00,1.00,1.00,1.00,1.00,1.00,1.00
NC_000913_3_bme_pgi,"1,196,093",SNP,C→T,icd,,isocitrate dehydrogenase; e14 prophage attachment site; tellurite reductase,,,119846,P324L (CCT→CTT),,,,,,,,,,,,,,,1.00,1.00,,,,,,,,
NC_000913_3_bme_pgi,"1,529,180",SNP,T→C,rhsE,,"pseudogene, Rhs family",,,119847,pseudogene (1279/2037 nt),,,,,,,,,,,,,,,1.00,,,,,,,1.00,,
NC_000913_3_bme_pgi,"1,529,185",SNP,C→T,rhsE,,"pseudogene, Rhs family",,,119848,pseudogene (1284/2037 nt),,,,,1.00,1.00,,,,,,,,,1.00,,,,,1.00,1.00,1.00,,
NC_000913_3_bme_pgi,"4,233,746",SNP,A→G,"lysC, yjbE",,lysine-sensitive aspartokinase 3/extracellular polysaccharide production threonine-rich protein,,,119849,intergenic (‑513/‑2161),,1.00,1.00,,,,1.00,1.00,,,,,,,,,1.00,1.00,1.00,,,1.00,1.00,1.00
NC_000913_3_bme_pgi,"33,974",SNP,C→A,carB,,carbamoyl-phosphate synthase large subunit,,,119850,A1053E (GCG→GAG),,,,,,1.00,,,,,,,,,,,,,,,,,,
NC_000913_3_bme_pgi,"3,991,839",SNP,G→A,cyaA,,adenylate cyclase,,,119851,W229* (TGG→TGA),,,,,1.00,1.00,,,,,,,,,,,,,,,,,,
NC_000913_3_bme_pgi,"4,233,793",SNP,C→A,"lysC, yjbE",,lysine-sensitive aspartokinase 3/extracellular polysaccharide production threonine-rich protein,,,119852,intergenic (‑560/‑2114),,,,,,1.00,,,,,,,,,,1.00,,,,,,,,
NC_000913_3_bme_pgi,"1,195,468",SNP,G→T,icd,,isocitrate dehydrogenase; e14 prophage attachment site; tellurite reductase,,,119853,V116F (GTT→TTT),,,,,,,,,,,,,,,,,,,,,1.00,,,
NC_000913_3_bme_pgi,"3,734,142",SNP,C→A,xylH,,D-xylose ABC transporter permease,,,119854,V141V (GTC→GTA),,,,,,,,,,,,,,,,,,,,,1.00,,,
NC_000913_3_bme_pgi,"3,815,825",SNP,C→G,"pyrE, rph",,orotate phosphoribosyltransferase/ribonuclease PH (defective);enzyme; Degradation of RNA; RNase PH,,,119855,intergenic (‑57/+9),,,,,,,,,,,,,,,,,,,,,1.00,,,
NC_000913_3_bme_pgi,"3,486,574",SNP,C→A,crp,,"cAMP-activated global transcription factor, mediator of catabolite repression",,,119856,A152E (GCA→GAA),,,,,,,,,,,1.00,1.00,1.00,1.00,,,,,,,,,,
NC_000913_3_bme_pgi,"3,815,859",DEL,Δ82 bp,"[rph],[rph]",,"[rph],[rph]",,,119857,,,,,,,,,,,,,0.67,,1.00,,,,,1.00,,,,,
NC_000913_3_bme_pgi,"4,187,215",SNP,C→G,rpoC,,"RNA polymerase, beta prime subunit",,,119858,D622E (GAC→GAG),,,,,,,,,,,,,,,,,,,,,,,,1.00
NC_000913_3_bme_pgi,"1,299,499",DEL,"Δ1,199 bp","ychE, oppA",,UPF0056 family inner membrane protein/oligopeptide ABC transporter periplasmic binding protein,,,119859,intergenic (+254/‑485),,,,,,,,,,,1.00,,1.00,,,,,1.00,1.00,,,,,
NC_000913_3_bme_pgi,"4,182,820",SNP,C→T,rpoB,,"RNA polymerase, beta subunit",,,119860,H526Y (CAC→TAC),,,,,,,,,,,,,1.00,,,,,,,,,,,
NC_000913_3_bme_pgi,"526,792",SNP,A→C,rhsD,,Rhs protein with DUF4329 family putative toxin domain; putative neighboring cell growth inhibitor,,,119863,S1178R (AGC→CGC),,,,,,,,,,,,0.30,,,,,,,,,,,,
NC_000913_3_bme_pgi,"526,796",SNP,C→G,rhsD,,Rhs protein with DUF4329 family putative toxin domain; putative neighboring cell growth inhibitor,,,119864,A1179G (GCG→GGG),,,,,,,,,,,,0.34,,,,,,,,,,,,
NC_000913_3_bme_pgi,"526,800",SNP,A→G,rhsD,,Rhs protein with DUF4329 family putative toxin domain; putative neighboring cell growth inhibitor,,,119865,E1180E (GAA→GAG),,,,,,,,,,,,0.30,,,,,,,,,,,,
NC_000913_3_bme_pgi,"2,173,361",DEL,Δ2 bp,gatC,,"pseudogene, galactitol-specific enzyme IIC component of PTS;transport; Transport of small molecules: Carbohydrates, organic acids, alcohols; PTS system galactitol-specific enzyme IIC",,,119870,pseudogene (1‑2/442 nt),,,,,,,,,,,,1.00,,,,,,,,,,,,
NC_000913_3_bme_pgi,"3,966,742",SNP,G→T,rho,,transcription termination factor,,,119873,R109L (CGC→CTC),,,,,,,,,,,,0.23,,,,,,,,,,,,
NC_000913_3_bme_pgi,"4,235,407",DEL,Δ1 bp,"lysC, yjbE",,lysine-sensitive aspartokinase 3/extracellular polysaccharide production threonine-rich protein,,,119875,intergenic (‑2174/‑500),,,,,,,,,,,,1.00,,,,,,,,,,,,
NC_000913_3_bme_pgi,"4,296,381",INS,+CG,"gltP, yjcO",,glutamate/aspartate:proton symporter/Sel1 family TPR-like repeat protein,,,119877,intergenic (+586/+56),,,,,,,,,,,,1.00,,,,,,,,,,,,
NC_000913_3_bme_pgi,"4,233,772",SNP,G→T,"lysC, yjbE",,lysine-sensitive aspartokinase 3/extracellular polysaccharide production threonine-rich protein,,,119879,intergenic (‑539/‑2135),,,,,,,,,1.00,,,,,,,,,,,,,,,
NC_000913_3_bme_pgi,"1,712,421",SNP,C→A,"nth, dtpA",,DNA glycosylase and apyrimidinic (AP) lyase (endonuclease III)/dipeptide and tripeptide permease A,,,119880,intergenic (+263/‑348),,,,,,,,,,,,,,,,,,,1.00,,,,,
NC_000913_3_bme_pgi,"2,911,480",DEL,Δ12 bp,relA,,(p)ppGpp synthetase I/GTP pyrophosphokinase,,,119881,coding (2161‑2172/2235 nt),,,,,,,,,,,,,,,,,,,1.00,,,,,
NC_000913_3_bme_pgi,"761,133",SNP,G→T,sucA,,"2-oxoglutarate decarboxylase, thiamine triphosphate-binding",,,119882,D810Y (GAT→TAT),,,,,,,,,,,,,,,,1.00,,,,,,,,
NC_000913_3_bme_pgi,"4,188,509",SNP,A→C,rpoC,,"RNA polymerase, beta prime subunit",,,119883,T1054P (ACC→CCC),,,1.00,,,,,,,,,,,,,,,,,,,,,
NC_000913_3_bme_pgi,"4,184,810",SNP,G→T,rpoB,,"RNA polymerase, beta subunit",,,119884,G1189V (GGT→GTT),,,,,,,,,,,,,,,,,1.00,,,,,,,
NC_000913_3_bme_pgi,"4,561,548",SNP,C→T,yjiJ,,DUF1228 family putative inner membrane MFS superfamily transporter,,,119885,A377T (GCG→ACG),,,,,,,,,,,,,,,,,1.00,,,,,,,
NC_000913_3_bme_pgi,"1,927,949",SNP,A→C,ptrB,,protease II,,,119886,R297R (CGT→CGG),,,,,,,,,,,,,,,,,,,,1.00,,,,
NC_000913_3_bme_pgi,"3,440,086",SNP,C→A,rpoA,,"RNA polymerase, alpha subunit",,,119887,G315V (GGC→GTC),,,,,,,,,,,,,,,,,,,,1.00,,,,
NC_000913_3_bme_pgi,"4,182,934",SNP,C→T,rpoB,,"RNA polymerase, beta subunit",,,119888,P564S (CCT→TCT),,,,,,,1.00,,,,,,,,,,,,,,,,,
NC_000913_3_bme_pgi,"4,188,282",SNP,G→A,rpoC,,"RNA polymerase, beta prime subunit",,,119889,R978H (CGT→CAT),,,,,,,,,,,,,,,,,,,,,,,1.00,
NC_000913_3_bme_pgi,"3,816,594",DEL,Δ9 bp,"rph, yicC",,ribonuclease PH (defective);enzyme; Degradation of RNA; RNase PH/UPF0701 family protein,,,119890,intergenic (‑45/‑74),,,,,,,,,,,,,,,,,,1.00,,,,,,
