Reference Seq,Position,Mutation Type,Sequence Change,Gene,Function,Product,GO Process,GO Component,Mut ID,Details,MG1655-pBGT_untreated A1 F16 I0 R1,MG1655-pBGT_untreated A2 F16 I0 R1,MG1655-pBGT_untreated A3 F16 I0 R1,MG1655-pBGT_untreated A4 F16 I0 R1,MG1655-pBGT_untreated A5 F16 I0 R1,MG1655-pBGT_untreated A6 F16 I0 R1
NC_000913,"3,560,455",INS,+G,glpR,,DNA-binding transcriptional repressor GlpR,,,1603720,pseudogene (151/758 nt),1.00,1.00,1.00,1.00,1.00,1.00
NC_000913,"4,296,060",SNP,C→T,"gltP, yjcO",,glutamate/aspartate : H(+) symporter GltP/Sel1 repeat-containing protein YjcO,,,1608201,intergenic (+266/+376),0.30,0.25,0.28,0.26,0.30,0.31
NC_000913,"4,296,380",INS,+CG,"gltP, yjcO",,glutamate/aspartate : H(+) symporter GltP/Sel1 repeat-containing protein YjcO,,,1608202,intergenic (+586/+56),1.00,1.00,1.00,1.00,1.00,1.00
NC_000913,"2,867,169",SNP,A→T,rpoS,,"RNA polymerase, sigma S (sigma 38) factor",,,1608402,I128N (ATC→AAC),,,,,0.43,
NC_000913,"4,542,330",MOB,IS1 (–) +9 bp,fimE,,regulator for fimA,,,1608483,coding (294‑302/597 nt),,,,,,0.39
NC_000913,"4,235,869",SNP,G→T,"pgi, yjbE",,glucose-6-phosphate isomerase/uncharacterized protein YjbE,,,1608484,intergenic (+462/‑37),,,,,0.32,
NC_000913,"71,214",SNP,T→C,araC,,DNA-binding transcriptional dual regulator AraC,,,1608433,F276F (TTT→TTC),0.86,0.83,0.83,0.88,0.79,
NC_000913,"70,289",SNP,G→T,"araB, araC",,ribulokinase/DNA-binding transcriptional dual regulator AraC,,,1608417,intergenic (‑241/‑98),0.86,0.81,0.86,0.87,0.77,
NC_000913,"70,581",SNP,C→T,araC,,DNA-binding transcriptional dual regulator AraC,,,1608418,V65V (GTC→GTT),0.85,0.81,0.84,0.85,0.79,
NC_000913,"71,079",SNP,C→T,araC,,DNA-binding transcriptional dual regulator AraC,,,1608419,R231R (CGC→CGT),0.82,0.80,0.82,0.85,0.76,
NC_000913,"71,082",SNP,T→C,araC,,DNA-binding transcriptional dual regulator AraC,,,1608420,I232I (ATT→ATC),0.82,0.81,0.82,0.84,0.76,
NC_000913,"71,085",SNP,T→C,araC,,DNA-binding transcriptional dual regulator AraC,,,1608421,S233S (AGT→AGC),0.83,0.80,0.82,0.85,0.74,
NC_000913,"1,978,503",DEL,Δ776 bp,"insB-5,insA-5",,"insB-5,insA-5",,,1120679,,1.00,1.00,1.00,1.00,1.00,1.00
NC_000913,"4,542,308",MOB,IS5 (+) +4 bp,fimE,,regulator for fimA,,,1608427,coding (272‑275/597 nt),,,,0.23,,
NC_000913,"70,371",SNP,T→C,"araB, araC",,ribulokinase/DNA-binding transcriptional dual regulator AraC,,,1608428,intergenic (‑323/‑16),0.85,0.84,0.86,0.86,0.76,
NC_000913,"70,434",SNP,C→T,araC,,DNA-binding transcriptional dual regulator AraC,,,1608429,N16N (AAC→AAT),0.87,0.85,0.85,0.86,0.75,
NC_000913,"70,740",SNP,T→G,araC,,DNA-binding transcriptional dual regulator AraC,,,1608430,G118G (GGT→GGG),0.87,0.82,0.86,0.84,0.74,
NC_000913,"71,109",SNP,T→C,araC,,DNA-binding transcriptional dual regulator AraC,,,1608431,T241T (ACT→ACC),0.85,0.79,0.84,0.85,0.74,
NC_000913,"71,175",SNP,A→G,araC,,DNA-binding transcriptional dual regulator AraC,,,1608432,R263R (CGA→CGG),0.86,0.80,0.84,0.86,0.74,
NC_000913,"257,908",DEL,Δ776 bp,"insB9,insA9,[crl]",,"insB9,insA9,[crl]",,,1120561,,1.00,1.00,1.00,1.00,1.00,1.00
NC_000913,"71,272",SNP,A→C,"araC, yabI",,DNA-binding transcriptional dual regulator AraC/DedA family protein YabI,,,1608434,intergenic (+7/‑79),0.85,0.83,0.84,0.87,0.77,
NC_000913,"366,290",SNP,C→T,lacZ,,beta-galactosidase,,,1608435,D6N (GAT→AAT),0.84,0.83,0.85,0.85,0.76,
NC_000913,"366,300",DEL,Δ1 bp,lacZ,,beta-galactosidase,,,1608438,coding (6/3075 nt),0.84,0.82,0.85,0.84,0.73,
NC_000913,"1,397,381",DEL,"Δ13,756 bp","[ynaJ],uspE,fnr,ogt,abgT,abgB,abgA,abgR,mcaS,smrA,dgcM,zntB,fnrS,ynaL,dbpA,[ttcA]",,"[ynaJ],uspE,fnr,ogt,abgT,abgB,abgA,abgR,mcaS,smrA,dgcM,zntB,fnrS,ynaL,dbpA,[ttcA]",,,1608368,,1.00,1.00,1.00,1.00,1.00,1.00
NC_000913,"2,173,361",DEL,Δ2 bp,gatC,,galactitol-specific PTS enzyme IIC component,,,1608190,pseudogene (917‑918/1358 nt),1.00,1.00,1.00,1.00,1.00,1.00
