Reference Seq,Position,Mutation Type,Sequence Change,Gene,Function,Product,GO Process,GO Component,Details,MG1655-M9-NC_000913_3gb-stationary-37-D-lyxose2 A1 F6 I1 R1,MG1655-M9-NC_000913_3gb-stationary-37-D-lyxose2 A1 F45 I1 R1,MG1655-M9-NC_000913_3gb-stationary-37-D-lyxose2 A1 F73 I0 R1,MG1655-M9-NC_000913_3gb-stationary-37-D-lyxose2 A1 F73 I1 R1,MG1655-M9-NC_000913_3gb-stationary-37-D-lyxose2 A2 F10 I1 R1,MG1655-M9-NC_000913_3gb-stationary-37-D-lyxose2 A2 F37 I1 R1,MG1655-M9-NC_000913_3gb-stationary-37-D-lyxose2 A2 F90 I0 R1,MG1655-M9-NC_000913_3gb-stationary-37-D-lyxose2 A2 F90 I1 R1
NC_000913,4296286,SNP,C→T,"gltP, yjcO",,glutamate/aspartate:proton symporter/Sel1 family TPR-like repeat protein,,,intergenic (+492/+150),,,0.29,,,,,
NC_000913,4184557,SNP,T→C,rpoB,,"RNA polymerase, beta subunit",,,S1105P (TCT→CCT),,,1,1,,,,
NC_000913,4296380,INS,+CG,"gltP, yjcO",,glutamate/aspartate:proton symporter/Sel1 family TPR-like repeat protein,,,intergenic (+586/+56),,,1,,,,1,
NC_000913,4296303,SNP,A→G,"gltP, yjcO",,glutamate/aspartate:proton symporter/Sel1 family TPR-like repeat protein,,,intergenic (+509/+133),,,0.22,,,,,
NC_000913,3546127,SNP,G→A,nfuA,,"Fe/S biogenesis protein, putative scaffold/chaperone protein",,,L168L (CTG→CTA),,,0.29,,,,,
NC_000913,1299499,DEL,"Δ1,199 bp","ychE, oppA",,UPF0056 family inner membrane protein/oligopeptide ABC transporter periplasmic binding protein,,,intergenic (+254/‑485),1,,,1,,,1,
NC_000913,1529185,SNP,C→T,rhsE,,"pseudogene, Rhs family",,,pseudogene (1284/2037 nt),1,1,1,1,1,1,1,1
NC_000913,1529175,SNP,T→C,rhsE,,"pseudogene, Rhs family",,,pseudogene (1274/2037 nt),1,1,1,1,1,1,1,1
NC_000913,1529180,SNP,T→C,rhsE,,"pseudogene, Rhs family",,,pseudogene (1279/2037 nt),1,1,1,1,1,1,1,1
NC_000913,77405,SNP,G→T,sgrS|sgrT,,"sRNA antisense regulator destabilzes ptsG mRNA, Hfq-dependent; regulated by sgrR|inhibitor of glucose uptake",,,noncoding (39/227 nt)Q6H (CAG→CAT),1,1,1,1,,,,
NC_000913,1529203,SNP,C→A,rhsE,,"pseudogene, Rhs family",,,pseudogene (1302/2037 nt),1,1,1,1,1,1,1,1
NC_000913,1529218,SNP,C→T,rhsE,,"pseudogene, Rhs family",,,pseudogene (1317/2037 nt),1,1,1,1,1,1,1,1
NC_000913,2760805,MOB,IS2 (+) +5 bp,yfjJ,,CP4-57 prophage; uncharacterized protein,,,coding (259‑263/627 nt),1,1,1,1,,,,
NC_000913,4070817,SNP,C→A,yihS,,sulphoquinovose isomerase,,,V314L (GTA→TTA),,1,1,1,,1,1,1
NC_000913,1978503,DEL,Δ776 bp,"insB1,insA",,"insB1,insA",,,,1,1,1,1,,,1,
NC_000913,3546088,SNP,C→G,nfuA,,"Fe/S biogenesis protein, putative scaffold/chaperone protein",,,V155V (GTC→GTG),,,0.31,,,,,
NC_000913,1531253,MOB,IS5 (–) +4 bp,yncI,,pseudogene,,,pseudogene (668‑671/738 nt),,,,,,1,,
NC_000913,3545860,SNP,T→C,nfuA,,"Fe/S biogenesis protein, putative scaffold/chaperone protein",,,D79D (GAT→GAC),,,0.24,,,,,
NC_000913,3545884,SNP,C→T,nfuA,,"Fe/S biogenesis protein, putative scaffold/chaperone protein",,,S87S (TCC→TCT),,,0.27,,,,,
NC_000913,3545902,SNP,C→G,nfuA,,"Fe/S biogenesis protein, putative scaffold/chaperone protein",,,A93A (GCC→GCG),,,0.27,,,,,
NC_000913,3545905,SNP,G→T,nfuA,,"Fe/S biogenesis protein, putative scaffold/chaperone protein",,,P94P (CCG→CCT),,,0.28,,,,,
NC_000913,4075154,DEL,Δ2 bp,yihW,,putative transcriptional regulator for sulphoquinovose utilization,,,coding (486‑487/786 nt),1,1,1,1,,,,
NC_000913,4283323,INS,+AC,actP,,acetate transporter,,,coding (1580/1650 nt),1,1,,1,,,,
NC_000913,4070814,SNP,G→T,yihS,,sulphoquinovose isomerase,,,R315S (CGT→AGT),1,1,1,1,,,,
NC_000913,4283320,INS,+CA,actP,,acetate transporter,,,coding (1583/1650 nt),,,1,,,,,
NC_000913,4075135,SNP,T→G,yihW,,putative transcriptional regulator for sulphoquinovose utilization,,,I156S (ATC→AGC),,,,,1,1,1,1
NC_000913,3815859,DEL,Δ82 bp,"[rph],[rph]",,"[rph],[rph]",,,,,,1,1,,,,
NC_000913,2173363,DEL,Δ2 bp,"gatC, gatC",,"pseudogene, galactitol-specific enzyme IIC component of PTS;transport; Transport of small molecules: Carbohydrates, organic acids, alcohols; PTS system galactitol-specific enzyme IIC/pseudogene, galactitol-specific enzyme IIC component of PTS;transport; Transport of small molecules: Carbohydrates, organic acids, alcohols; PTS system galactitol-specific enzyme IIC",,,intergenic (‑1/+1),1,1,,1,1,1,,1
NC_000913,4296191,SNP,A→C,"gltP, yjcO",,glutamate/aspartate:proton symporter/Sel1 family TPR-like repeat protein,,,intergenic (+397/+245),,,,,,,0.25,
NC_000913,257908,DEL,Δ776 bp,[crl],,[crl],,,,1,1,1,1,1,1,1,1
NC_000913,4296190,SNP,A→G,"gltP, yjcO",,glutamate/aspartate:proton symporter/Sel1 family TPR-like repeat protein,,,intergenic (+396/+246),,,,,,,0.24,
NC_000913,3560455,INS,+G,"glpR, glpR",,"pseudogene, DNA-binding transcriptional repressor;regulator; Energy metabolism, carbon: Anaerobic respiration; repressor of the glp operon/pseudogene, DNA-binding transcriptional repressor;regulator; Energy metabolism, carbon: Anaerobic respiration; repressor of the glp operon",,,intergenic (‑2/+1),1,1,1,1,1,1,1,1
NC_000913,4296381,INS,+GC,"gltP, yjcO",,glutamate/aspartate:proton symporter/Sel1 family TPR-like repeat protein,,,intergenic (+587/+55),1,1,,1,1,1,,1
NC_000913,2173361,DEL,Δ2 bp,gatC,,"pseudogene, galactitol-specific enzyme IIC component of PTS;transport; Transport of small molecules: Carbohydrates, organic acids, alcohols; PTS system galactitol-specific enzyme IIC",,,pseudogene (1‑2/442 nt),,,1,,,,1,
NC_000913,4070814,SNP,G→A,yihS,,sulphoquinovose isomerase,,,R315C (CGT→TGT),,,,,1,1,1,1
NC_000913,4296268,SNP,T→C,"gltP, yjcO",,glutamate/aspartate:proton symporter/Sel1 family TPR-like repeat protein,,,intergenic (+474/+168),,,0.33,,,,0.24,
