Reference Seq,Position,Mutation Type,Sequence Change,Gene,Function,Product,GO Process,GO Component,Mut ID,Details,tpiVCH A0 F0 I1 R1,tpiVCH A25 F14 I1 R1,tpiVCH A25 F65 I1 R1,tpiVCH A26 F14 I1 R1,tpiVCH A26 F25 I1 R1,tpiVCH A27 F14 I1 R1,tpiVCH A27 F24 I1 R1,tpiVCH A27 F65 I1 R1,tpiVCH A28 F14 I1 R1,tpiVCH A28 F25 I1 R1,tpiVCH A28 F66 I1 R1
NC_000913_3_vch_tpiA,"257,908",DEL,Δ776 bp,[crl],,[crl],,,120019,,1.00,1.00,1.00,1.00,1.00,1.00,1.00,1.00,1.00,1.00,1.00
NC_000913_3_vch_tpiA,"264,098",SNP,G→T,ykfH,,uncharacterized protein,,,120020,L50L (CTC→CTA),1.00,1.00,1.00,1.00,1.00,1.00,1.00,1.00,1.00,1.00,1.00
NC_000913_3_vch_tpiA,"275,065",SNP,G→A,insH1,,IS5 transposase and trans-activator,,,120021,T18I (ACC→ATC),1.00,1.00,1.00,1.00,,1.00,1.00,1.00,1.00,1.00,1.00
NC_000913_3_vch_tpiA,"482,230",SNP,G→A,acrB,,multidrug efflux system protein,,,120022,P725L (CCG→CTG),1.00,1.00,1.00,1.00,1.00,1.00,1.00,1.00,1.00,1.00,1.00
NC_000913_3_vch_tpiA,"1,197,502",SNP,C→T,ymfD,,e14 prophage; putative SAM-dependent methyltransferase,,,120023,G11R (GGA→AGA),1.00,1.00,1.00,1.00,,,,1.00,1.00,1.00,1.00
NC_000913_3_vch_tpiA,"1,544,022",SUB,1 bp→AA,narU,,nitrate/nitrite transporter,,,120024,coding (39/1389 nt),,1.00,1.00,1.00,1.00,,1.00,,1.00,1.00,1.00
NC_000913_3_vch_tpiA,"1,978,503",DEL,Δ776 bp,"insB1,insA",,"insB1,insA",,,120025,,1.00,1.00,1.00,1.00,1.00,1.00,1.00,1.00,1.00,1.00,1.00
NC_000913_3_vch_tpiA,"2,106,741",SNP,A→T,wbbH,,O-antigen polymerase,,,120026,S162S (TCT→TCA),1.00,1.00,1.00,1.00,1.00,1.00,1.00,1.00,1.00,1.00,1.00
NC_000913_3_vch_tpiA,"2,173,363",DEL,Δ2 bp,"gatC, gatC",,"pseudogene, galactitol-specific enzyme IIC component of PTS;transport; Transport of small molecules: Carbohydrates, organic acids, alcohols; PTS system galactitol-specific enzyme IIC/pseudogene, galactitol-specific enzyme IIC component of PTS;transport; Transport of small molecules: Carbohydrates, organic acids, alcohols; PTS system galactitol-specific enzyme IIC",,,120027,intergenic (‑1/+1),1.00,1.00,1.00,1.00,1.00,1.00,1.00,1.00,1.00,1.00,1.00
NC_000913_3_vch_tpiA,"2,214,152",SNP,A→T,yehU,,inner membrane putative sensory kinase in two-component system with YehT,,,120028,Y165N (TAT→AAT),,,,,,1.00,1.00,1.00,1.00,1.00,1.00
NC_000913_3_vch_tpiA,"2,679,525",SNP,G→T,yphG,,DUF4380 domain-containing TPR repeat protein,,,120029,A1074D (GCT→GAT),1.00,1.00,1.00,1.00,1.00,1.00,1.00,1.00,1.00,1.00,1.00
NC_000913_3_vch_tpiA,"2,795,396",SNP,C→A,gabP,,gamma-aminobutyrate transporter,,,120030,Q382K (CAG→AAG),1.00,1.00,1.00,1.00,1.00,1.00,1.00,1.00,1.00,1.00,1.00
NC_000913_3_vch_tpiA,"2,817,170",SNP,C→A,yqaB,,fructose-1-P and 6-phosphogluconate phosphatase,,,120031,E112* (GAA→TAA),1.00,1.00,1.00,1.00,1.00,1.00,1.00,1.00,1.00,1.00,1.00
NC_000913_3_vch_tpiA,"3,560,455",INS,+G,"glpR, glpR",,"pseudogene, DNA-binding transcriptional repressor;regulator; Energy metabolism, carbon: Anaerobic respiration; repressor of the glp operon/pseudogene, DNA-binding transcriptional repressor;regulator; Energy metabolism, carbon: Anaerobic respiration; repressor of the glp operon",,,120032,intergenic (‑2/+1),1.00,1.00,1.00,1.00,1.00,1.00,1.00,1.00,1.00,1.00,1.00
NC_000913_3_vch_tpiA,"4,296,411",INS,+GC,"gltP, yjcO",,glutamate/aspartate:proton symporter/Sel1 family TPR-like repeat protein,,,120033,intergenic (+587/+55),1.00,1.00,1.00,1.00,1.00,1.00,1.00,1.00,1.00,1.00,1.00
NC_000913_3_vch_tpiA,"4,604,746",SNP,C→A,bglJ,,bgl operon transcriptional activator,,,120034,A186E (GCA→GAA),1.00,1.00,1.00,1.00,1.00,1.00,1.00,1.00,1.00,1.00,1.00
NC_000913_3_vch_tpiA,"3,815,837",DEL,Δ124 bp,"[rph],[rph]",,"[rph],[rph]",,,120035,,,1.00,,,,,,,,,
NC_000913_3_vch_tpiA,"1,196,220",SNP,C→T,icd,,isocitrate dehydrogenase; e14 prophage attachment site; tellurite reductase,,,120036,H366H (CAC→CAT),,,,,1.00,1.00,1.00,,,,
NC_000913_3_vch_tpiA,"1,196,232",SNP,C→T,icd,,isocitrate dehydrogenase; e14 prophage attachment site; tellurite reductase,,,120037,T370T (ACC→ACT),,,,,1.00,1.00,1.00,,,,
NC_000913_3_vch_tpiA,"1,196,245",SNP,T→C,icd,,isocitrate dehydrogenase; e14 prophage attachment site; tellurite reductase,,,120038,L375M (TTA→CTG),,,,,1.00,1.00,1.00,,,,
NC_000913_3_vch_tpiA,"1,196,247",SNP,A→G,icd,,isocitrate dehydrogenase; e14 prophage attachment site; tellurite reductase,,,120039,L375M (TTA→CTG),,,,,1.00,1.00,1.00,,,,
NC_000913_3_vch_tpiA,"1,299,499",DEL,"Δ1,199 bp","ychE, oppA",,UPF0056 family inner membrane protein/oligopeptide ABC transporter periplasmic binding protein,,,120040,intergenic (+254/‑485),1.00,,,1.00,,1.00,1.00,,,,
NC_000913_3_vch_tpiA,"1,544,022",SNP,C→A,narU,,nitrate/nitrite transporter,,,120041,L13F (TTG→TTT),1.00,,,,,1.00,,1.00,,,
NC_000913_3_vch_tpiA,"3,815,810",DEL,Δ1 bp,"pyrE, rph",,orotate phosphoribosyltransferase/ribonuclease PH (defective);enzyme; Degradation of RNA; RNase PH,,,120042,intergenic (‑42/+24),,,1.00,1.00,1.00,1.00,1.00,,,,
NC_000913_3_vch_tpiA,"1,959,198",SNP,G→A,cutC,,copper homeostasis protein,,,120043,D23D (GAC→GAT),,,,1.00,,,,,,,
NC_000913_3_vch_tpiA,"4,188,312",SNP,G→A,rpoC,,"RNA polymerase, beta prime subunit",,,120044,R978H (CGT→CAT),,,,,,,,1.00,,,
NC_000913_3_vch_tpiA,"4,159,154",SNP,G→T,oxyR,,oxidative and nitrosative stress transcriptional regulator,,,120045,G212V (GGG→GTG),,,1.00,,,,,,,,
NC_000913_3_vch_tpiA,"4,543,638",MOB,Δ1 bp :: IS186 (+) +6 bp :: Δ1 bp,fimA,,major type 1 subunit fimbrin (pilin),,,120046,coding (494‑499/549 nt),,,1.00,,,,,,,,
NC_000913_3_vch_tpiA,"4,159,190",SNP,T→A,oxyR,,oxidative and nitrosative stress transcriptional regulator,,,120047,L224Q (CTG→CAG),,,,,,,,,,,1.00
NC_000913_3_vch_tpiA,"4,182,833",SNP,C→T,rpoB,,"RNA polymerase, beta subunit",,,120048,P520L (CCG→CTG),,,,,,,,,,,1.00
NC_000913_3_vch_tpiA,"3,815,825",SNP,C→T,"pyrE, rph",,orotate phosphoribosyltransferase/ribonuclease PH (defective);enzyme; Degradation of RNA; RNase PH,,,120049,intergenic (‑57/+9),,,,,,,,,,1.00,
NC_000913_3_vch_tpiA,"2,111,423",SNP,G→T,rfbD,,"dTDP-L-rhamnose synthase, NAD(P)-dependent dTDP-4-dehydrorhamnose reductase subunit",,,120050,A185E (GCG→GAG),,,,,1.00,,,,,,
