Reference Seq,Position,Mutation Type,Sequence Change,Gene,Function,Product,GO Process,GO Component,Mut ID,Details,pgi A0 F0 I1 R1,pgi A1 F9 I0 R1,pgi A1 F18 I0 R1,pgi A1 F113 I0 R1,pgi A1 F113 I1 R1,pgi A1 F113 I2 R1,pgi A2 F9 I0 R1,pgi A2 F17 I0 R1,pgi A2 F27 I0 R1,pgi A2 F107 I0 R1,pgi A2 F107 I1 R1,pgi A2 F107 I2 R1,pgi A3 F9 I0 R1,pgi A3 F17 I0 R1,pgi A3 F28 I0 R1,pgi A3 F108 I0 R1,pgi A3 F108 I1 R1,pgi A3 F108 I2 R1,pgi A4 F9 I0 R1,pgi A4 F17 I0 R1,pgi A4 F27 I0 R1,pgi A4 F111 I0 R1,pgi A4 F111 I1 R1,pgi A4 F111 I2 R1,pgi A5 F9 I0 R1,pgi A5 F17 I0 R1,pgi A5 F28 I0 R1,pgi A5 F109 I0 R1,pgi A5 F109 I1 R1,pgi A5 F109 I2 R1,pgi A6 F9 I0 R1,pgi A6 F17 I0 R1,pgi A6 F27 I0 R1,pgi A6 F110 I0 R1,pgi A6 F110 I1 R1,pgi A6 F110 I2 R1,pgi A7 F9 I0 R1,pgi A7 F17 I0 R1,pgi A7 F28 I0 R1,pgi A7 F97 I0 R1,pgi A7 F97 I1 R1,pgi A7 F97 I2 R1,pgi A8 F9 I0 R1,pgi A8 F17 I0 R1,pgi A8 F27 I0 R1,pgi A8 F110 I0 R1,pgi A8 F110 I1 R1,pgi A8 F110 I2 R1,pgi A9 F1 I0 R1,pgi A9 F3 I0 R1,pgi A10 F1 I0 R1,pgi A10 F3 I0 R1,pgi A11 F1 I0 R1,pgi A11 F3 I0 R1,pgi A11 F4 I0 R1,pgi A12 F1 I0 R1,pgi A12 F3 I0 R1,pgi A12 F4 I0 R1,pgi A13 F1 I0 R1,pgi A13 F3 I0 R1,pgi A14 F1 I0 R1,pgi A14 F3 I0 R1,pgi A15 F1 I0 R1,pgi A15 F3 I0 R1,pgi A16 F1 I0 R1,pgi A16 F3 I0 R1
NC_000913,"700,597",MOB,IS1 (–) +9 bp,nagC,,N-acetylglucosamine-inducible nag divergent operon transcriptional repressor,,,1566891,coding (990‑998/1221 nt),,,,,,,,,,,,,,,,,,,,,,,,,,,,,,,,,,,,,,,,,,,,,,,,,,,,,,,,,,,,,,,,,,0.39
NC_000913,"67,887",INS,+G,araA,,L-arabinose isomerase,,,801266,coding (451/1503 nt),,,,,,,,,,,,,,,,,,,,,,,,,,,,,,,,,,,,,,,,,,,,,,,,,,,,,,,0.66,,,,,,,,,,,
NC_000913,"4,588,079",SNP,A→C,yjiA,,metal-binding GTPase,,,1567237,W263G (TGG→GGG),,,,,,,,,0.20,,,,,,,,,,,,,,,,,,,,,,,,,,,,,,,,,,,,,,,,,,,,,,,,,,,,,,,,,
NC_000913,"4,308,355",SNP,G→T,alsE,,allulose-6-phosphate 3-epimerase,,,1567751,L42M (CTG→ATG),,,,,,,,,,,,,,,,0.22,,,,,,,,,,,,,,,,,,,,,,,,,,,,,,,,,,,,,,,,,,,,,,,,,,
NC_000913,"807,112",SNP,T→G,ybhC,,"acyl-CoA thioesterase, lipoprotein",,,804521,H57P (CAC→CCC),,,,,,,,,,,,,,,,,,,,0.26,,,,,,,,,,,,,,,,,,,,,,,,,,,,,,,,,,,,,,,,,,,,,,
NC_000913,"3,213,426",SNP,T→G,rpoD,,"RNA polymerase, sigma 70 (sigma D) factor",,,1567245,I127S (ATC→AGC),,,,,,,,,,,,,,,,0.40,,,,,,,,,,,,,,,,,,,,,,,,,,,,,,,,,,,,,,,,,,,,,,,,,,
NC_000913,"1,504,667",SNP,T→G,insQ,,IS609 transposase B,,,804794,C317W (TGT→TGG),,,,,,,,,,,,,,,,,,,,,,,,,,,,,,,,,,,,,,,0.22,,,,,,,,,,,,,,,,,,,,,,,,,,,
NC_000913,"3,769,857",SNP,T→A,"yibV, yibU",,"pseudogene, putative cryptic Rhs immunity protein/pseudogene, H repeat-associated protein",,,1567248,intergenic (+74/‑91),,,,,,,,,,0.33,,,,,,,,,,,,,,,,,,,,,,,,,,,,,,,,,,,,,,,,,,,,,,,,,,,,,,,,
NC_000913,"4,049,912",MOB,IS2 (+) +5 bp,spf,,"Spot 42 sRNA antisense regulator of galK translation, Hfq-dependent",,,1567249,noncoding (14‑18/109 nt),,,,,,,,,,1.00,1.00,1.00,,,,,,,,,,,,,,,,,,,,,,,,,,,,,,,,,,,,,,,,,,,,,,,,,,,,,,
NC_000913,"4,277,820",SNP,G→T,soxR,,redox-sensitive transcriptional activator of soxS; autorepressor,,,1567250,G118* (GGA→TGA),,,,,,,,,,1.00,1.00,1.00,,,,,,,,,,,,,,,,,,,,,,,,,,,,,,,,,,,,,,,,,,,,,,,,,,,,,,
NC_000913,"1,069,065",SNP,G→A,rutG,,pyrimidine permease,,,803352,L259L (CTG→TTG),,,,,,,,,,,,,,,,,,,0.20,,,,,,,,,,,,,,,,,,,,,,,,,,,,,,,,,,,,,,,,,,,,,,,
NC_000913,"1,239,823",SNP,T→G,dadX,,"alanine racemase, catabolic, PLP-binding",,,802902,G315G (GGT→GGG),,,,,,,,,,,,,,,,,,,,,,,,,,,,,,,,,,,,,,,,,,,,0.23,,,,,,,,,,,,,,,,,,,,,,
NC_000913,"4,614,208",SNP,A→G,yjjV,,putative DNase,,,1566981,E243G (GAG→GGG),,,,,,,,,,,,,0.20,,,,,,,,,,,,,,,,,,,,,,,,,,,,,,,,,,,,,,,,,,,,,,,,,,,,,
NC_000913,"1,383,718",SNP,C→A,ycjW,,LacI family putative transcriptional repressor,,,803360,E82* (GAA→TAA),,,0.22,,,,,,,,,,,,,,,,,,,,,,,,,,,,,,,,,,,,,,,,,,,,,,,,,,,,,,,,,,,,,,,
NC_000913,"4,056,115",SNP,A→C,glnL,,sensory histidine kinase in two-component regulatory system with GlnG,,,1567271,G75G (GGT→GGG),,,,,,,,,0.21,,,,,,,,,,,,,,,,,,,,,,,,,,,,,,,,,,,,,,,,,,,,,,,,,,,,,,,,,
NC_000913,"4,378,890",SNP,C→A,ampC,,"penicillin-binding protein; beta-lactamase, intrinsically weak",,,1567275,A19S (GCT→TCT),,,,,,,,,0.24,,,,,,,,,,,,,,,,,,,,,,,,,,,,,,,,,,,,,,,,,,,,,,,,,,,,,,,,,
NC_000913,"1,936,308",SNP,C→T,zwf,,glucose-6-phosphate 1-dehydrogenase,,,804909,V3I (GTA→ATA),,,,,,,,,,,,,,,,,,,,,,,,,,,,,,,,,0.35,1.00,1.00,1.00,,,,,,,,,,,,,,,,,,,,,,,,,,,,,,
NC_000913,"2,977,562",DEL,Δ33 bp,galR,,galactose-inducible d-galactose regulon transcriptional repressor; autorepressor,,,1567581,coding (964‑996/1032 nt),,,,,,,,,,,,,,,,,,,,,,,,,,,,,,,,,,,,,,,,0.35,1.00,,,,,,,,,,,,,,,,,,,,,,,,,
NC_000913,"1,589,990",MOB,+G :: IS2 (+) +4 bp,ydeT,,pseudogene; putative outer membrane protein,,,1567281,pseudogene (87‑90/1227 nt),,,,,,1.00,,,,,,,,,,,,,,,,,,,,,,,,,,,,,,,,,,,,,,,,,,,,,,,,,,,,,,,,,,,,
NC_000913,"2,415,466",DEL,Δ1 bp,pta,,phosphate acetyltransferase,,,1567282,coding (720/2145 nt),,,,,,1.00,,,,,,,,,,,,,,,,,,,,,,,,,,,,,,,,,,,,,,,,,,,,,,,,,,,,,,,,,,,,
NC_000913,"2,707,560",DEL,Δ1 bp,rseC,,SoxR iron-sulfur cluster reduction factor component,,,1567283,coding (242/480 nt),,,,,1.00,1.00,,,,,,,,,,,,,,,,,,,,,,,,,,,,,,,,,,,,,,,,,,,,,,,,,,,,,,,,,,,,
NC_000913,"4,049,922",MOB,IS5 (–) +4 bp,spf,,"Spot 42 sRNA antisense regulator of galK translation, Hfq-dependent",,,1567284,noncoding (24‑27/109 nt),,,,1.00,1.00,1.00,,,,,,,,,,,,,,,,,,,,,,,,,,,,,,,,,,,,,,,,,,,,,,,,,,,,,,,,,,,,
NC_000913,"3,824,238",SNP,G→A,spoT,,"bifunctional (p)ppGpp synthetase II/ guanosine-3',5'-bis pyrophosphate 3'-pyrophosphohydrolase",,,1567838,M613I (ATG→ATA),,,,,,,,,,,,,,,,,,,,,,,,,,,,,,,,,,,,,,,,,,1.00,,,,,,,,,,,,,,,,,,,,,,,,
NC_000913,"2,066,465",SNP,T→C,insH1,,IS5 transposase and trans-activator,,,798775,K286R (AAG→AGG),,,,,,,,,,,,,,,,,,,,,,,,,,,,,,,,,,,,,,,,,,,,,1.00,,,,,,,,,,,,,1.00,,1.00,,,,1.00,,
NC_000913,"1,726,390",SNP,G→T,nemR,,"transcriptional repressor for the nemRA-gloA operon, quinone-, glyoxal-, and HOCl-activated",,,801880,R123L (CGC→CTC),,,,,,,,,,,,,,,,,,,,,,,,,,,,,,,,,,,,,,,,,,,,,,,,,,,,,,,,,,,,,,,,,,0.42
NC_000913,"2,173,363",DEL,Δ2 bp,"gatC, gatC",,"pseudogene, galactitol-specific enzyme IIC component of PTS;transport; Transport of small molecules: Carbohydrates, organic acids, alcohols; PTS system galactitol-specific enzyme IIC/pseudogene, galactitol-specific enzyme IIC component of PTS;transport; Transport of small molecules: Carbohydrates, organic acids, alcohols; PTS system galactitol-specific enzyme IIC",,,566843,intergenic (‑1/+1),1.00,,,,1.00,1.00,,,,,1.00,1.00,,,,,1.00,1.00,,,,,1.00,1.00,,,,,1.00,1.00,,,,,1.00,1.00,,,,,1.00,1.00,,,,,1.00,1.00,,,,,,,,,,,,,,,,,,
NC_000913,"2,977,562",DEL,Δ1 bp,galR,,galactose-inducible d-galactose regulon transcriptional repressor; autorepressor,,,1567294,coding (964/1032 nt),,,,,,,,,,,,,,,,,,,,,,,,,,,,,,,,,,,,,,,,,,,,,,,,,,,,,,,,,,0.53,,,,,,,,
NC_000913,"4,280,577",SNP,A→G,yjcE,,putative cation/proton antiporter,,,1567808,S200G (AGC→GGC),,,,,,,,,,,,,,0.23,,,,,,,,,,,,,,,,,,,,,,,,,,,,,,,,,,,,,,,,,,,,,,,,,,,,
NC_000913,"4,336,951",SNP,A→C,adiC,,arginine:agmatine antiporter,,,1567810,G27G (GGT→GGG),,,,,,,,,,,,,,0.22,,,,,,,,,,,,,,,,,,,,,,,,,,,,,,,,,,,,,,,,,,,,,,,,,,,,
NC_000913,"514,789",SNP,T→C,ybbJ,,inner membrane protein; stimulator of the QmcA suppressor of ftsH-htpX,,,1567299,E24G (GAG→GGG),,,,,,,,,,,,,,,,,,,0.22,,,,,,,,,,,,,,,,,,,,,,,,,,,,,,,,,,,,,,,,,,,,,,,
NC_000913,"1,003,134",SNP,T→G,ycbU,,putative fimbriae protein,,,1567158,C82W (TGT→TGG),,,0.23,,,,,,,,,,,,,,,,,,,,,,,,,,,,,,,,,,,,,,,,,,,,,,,,,,,,,,,,,,,,,,,
NC_000913,"910,811",SNP,T→G,poxB,,"pyruvate dehydrogenase, thiamine triphosphate-binding, FAD-binding",,,806985,H80P (CAC→CCC),,,,,,,,,,,,,,,,,,,,,0.23,,,,,,,,,,,,,,,,,,,,,,,,,,,,,,,,,,,,,,,,,,,,,
NC_000913,"954,388",SNP,C→T,focA,,formate channel,,,806986,A27T (GCA→ACA),,,,,,,,,,,,,,,,,,,,,0.24,,,,,,,,,,,,,,,,,,,,,,,,,,,,,,,,,,,,,,,,,,,,,
NC_000913,"2,274,349",SNP,T→G,yejB,,microcin C ABC transporter permease,,,1567307,G57G (GGT→GGG),,,,,,,0.25,,,,,,,,,,,,0.26,,0.22,,,,,,,,,,,,,,,,,,,,,,,,,,,,,,,,,,,,,,,,,,,,,
NC_000913,"4,296,190",SNP,A→G,"gltP, yjcO",,glutamate/aspartate:proton symporter/Sel1 family TPR-like repeat protein,,,1120334,intergenic (+396/+246),,,,,,,,,,0.22,,,,,,,,,,,,,,,,,,,,,,,,0.25,,,,,,0.27,,,,,,,,,,0.27,0.31,0.21,0.26,0.29,0.30,0.35,,,0.29,,,0.26,,,,
NC_000913,"4,296,191",SNP,A→C,"gltP, yjcO",,glutamate/aspartate:proton symporter/Sel1 family TPR-like repeat protein,,,1120335,intergenic (+397/+245),,,,,,,,,,0.22,,,,,,,,,,,,,,,,,,,,,,,,0.25,,,,,,0.27,,,,,0.24,,,,0.24,0.31,0.32,0.23,0.31,0.42,0.34,0.34,,0.22,0.31,0.20,0.20,0.23,0.20,,,
NC_000913,"4,296,286",SNP,C→T,"gltP, yjcO",,glutamate/aspartate:proton symporter/Sel1 family TPR-like repeat protein,,,1120336,intergenic (+492/+150),,,,,,,,,,,,,,,,,,,,,,,,,,,,,,,,,,,,,,,,,,,,,,,,,,,,,,,,,,,,,,,0.21,,,
NC_000913,"3,665,698",SNP,T→C,gadX,,acid resistance regulon transcriptional activator; autoactivator,,,1567825,D38G (GAT→GGT),,0.24,,,,,,,,,,,,,,,,,,,,,,,,,,,,,,,,,,,,,,,,,,,,,,,,,,,,,,,,,,,,,,,,
NC_000913,"1,937,136",MOB,IS2 (–) +5 bp,yebK,,putative DNA-binding transcriptional regulator,,,1567587,coding (485‑489/870 nt),,,,,,,,,,,,,,,,,,,,,,,,,,,,,,,,,,,,,,,,,,,,,,1.00,1.00,1.00,,,,,,,,,,,,,,,,,,
NC_000913,"2,876,559",SNP,G→T,"cysD, iap",,"sulfate adenylyltransferase, subunit 2/aminopeptidase in alkaline phosphatase isozyme conversion",,,1567317,intergenic (‑230/‑22),,,,,,,,,,,,,,,,,,,0.20,,,,,,,,,,,,,,,,,,,,,,,,,,,,,,,,,,,,,,,,,,,,,,,
NC_000913,"2,909,229",SNP,A→C,pyrG,,CTP synthetase,,,1567318,G146G (GGT→GGG),,0.32,,,,,,,,,,,,,,,,,,,,,,,,,,,,,,,,,,,,,,,,,,,,,,,,,,,,,,,,,,,,,,,,
NC_000913,"1,936,648",SNP,C→T,"zwf, yebK",,glucose-6-phosphate 1-dehydrogenase/putative DNA-binding transcriptional regulator,,,807511,intergenic (‑334/‑4),,,,,,,,,,,,,,,,0.62,,,,,,,,,,,,,,,,,,,,,,,,,,,,,,,,,,,,,,,,,,,,,,,,,,
NC_000913,"4,370,192",SNP,T→G,yjeH,,putative transporter,,,1567832,H74P (CAC→CCC),,0.23,,,,,,,,,,,,,,,,,,,,,,,,,,,,,,,,,,,,,,,,,,,,,,,,,,,,,,,,,,,,,,,,
NC_000913,"4,049,913",MOB,IS2 (–) +5 bp,spf,,"Spot 42 sRNA antisense regulator of galK translation, Hfq-dependent",,,1567588,noncoding (15‑19/109 nt),,,,,,,,,,,,,,,,,,,,,,,,,,,,,,,,,,,,,,,,,,,,,,1.00,1.00,1.00,,,,,,,,,,,,,,,,,,
NC_000913,"4,430,339",SNP,A→G,cycA,,D-alanine/D-serine/glycine transporter,,,1567834,E159G (GAG→GGG),,0.21,,,,,,,,,,,,,,,,,,,,,,,,,,,,,,,,,,,,,,,,,,,,,,,,,,,,,,,,,,,,,,,,
NC_000913,"4,596,480",SNP,A→G,lgoD,,L-galactonate oxidoreductase; L-gulonate oxidoreductase,,,1567836,E164G (GAG→GGG),,0.24,,,,,,,,,,,,,,,,,,,,,,,,,,,,,,,,,,,,,,,,,,,,,,,,,,,,,,,,,,,,,,,,
NC_000913,"3,090,130",SNP,A→C,yggI,,Zn-dependent metalloprotease-related protein,,,1567325,T126P (ACC→CCC),,,,,,,,,,,,,,,,,,,0.25,,,,,,,,,,,,,,,,,,,,,,,,,,,,,,,,,,,,,,,,,,,,,,,
NC_000913,"3,107,795",SNP,A→C,speC,,"ornithine decarboxylase, constitutive",,,1567326,V454G (GTG→GGG),,,,,,,,,,,,,,,,,,,0.21,,,,,,,,,,,,,,,,,,,,,,,,,,,,,,,,,,,,,,,,,,,,,,,
NC_000913,"4,186,086",SNP,C→A,rpoC,,"RNA polymerase, beta prime subunit",,,1567589,P246Q (CCG→CAG),,,,,,,,,,,,,,,,,,,,,,,,,,,,,,,,,,,,,,,,,,,,,,1.00,1.00,1.00,,,,,,,,,,,,,,,,,,
NC_000913,"1,542,110",SNP,A→G,narZ,,"nitrate reductase 2 (NRZ), alpha subunit",,,804795,S161P (TCC→CCC),,,,,,,,,,,,,,,,,,,,,,,,,,,,,,,,,0.24,,,,,,0.21,,,,,,,,,,,,,,,,,,,,,,,,,,,
NC_000913,"825,248",SNP,G→C,ybhR,,putative ABC transporter permease,,,803345,G287G (GGC→GGG),,,0.21,,,,,,,,,,,,,,,,,,,,,,,,,,,,,,,,,,,,,,,,,,,,,,,,,,,,,,,,,,,,,,,
NC_000913,"3,862,674",SNP,C→A,glvC,,"pseudogene, arbutin specific enzyme IIC component of PTS;enzyme; Transport of small molecules: Carbohydrates, organic acids, alcohols; PTS system, arbutin-like IIB component; PTS system, arbutin-like IIC component",,,1121212,pseudogene (930/1617 nt),,,0.36,,,,,,,,,,,,,,,,,,,,,,,,,,,,,,,,,,,,,,,,,,,,,,,,,,,,,,,,,,,,,,,
NC_000913,"1,825,130",SNP,G→T,"ves, spy",,"cold- and stress-inducible protein/periplasmic ATP-independent protein refolding chaperone, stress-induced",,,807020,intergenic (‑193/+10),,,,,,,,,,,,,,,,,,,,,0.21,,,,,,,,,,,,,,,,,,,,,,,,,,,,,,,,,,,,,,,,,,,,,
NC_000913,"1,158,384",SNP,G→A,ptsG,,fused glucose-specific PTS enzymes: IIB component/IIC component,,,801609,W172* (TGG→TGA),,,,,,,,,,,,,,,,,,,,,,,,,,,,,,,,,,,,,,,,,,,,,,,,,,,,,,,,,,,,0.30,,,,,,
NC_000913,"3,862,677",SNP,G→C,glvC,,"pseudogene, arbutin specific enzyme IIC component of PTS;enzyme; Transport of small molecules: Carbohydrates, organic acids, alcohols; PTS system, arbutin-like IIB component; PTS system, arbutin-like IIC component",,,1121213,pseudogene (927/1617 nt),,,0.26,,,,,,,,,,,,,,,,,,,,,,,,,,,,,,,,,,,,,,,,,,,,,,,,,,,,,,,,,,,,,,,
NC_000913,"1,879,473",SNP,A→C,yoaG,,uncharacterized protein,,,807026,V38G (GTG→GGG),,,,,,,,,,,,,,,,,,,,,0.21,,,,,,,,,,,,,,,,,,,,,,,,,,,,,,,,,,,,,,,,,,,,,
NC_000913,"1,938,656",DEL,Δ1 bp,pykA,,pyruvate kinase II,,,805649,coding (1008/1443 nt),,,,,,,,,,,,,,,,,,,,,,,,,,,,,,,,,,,,1.00,,,,,,,,,,,,,,,,,,,,,,,,,,,,,,
NC_000913,"4,472,236",SNP,T→G,pyrB,,"aspartate carbamoyltransferase, catalytic subunit",,,1120385,T54P (ACC→CCC),,,,,,,,,,,,,,,,,,,,,,,,,,,,,,,,,,,,,,,,,,,,,,,,,0.20,,,,,,,,,,,,,,,,,
NC_000913,"4,065,604",SNP,T→A,yihO,,putative sulphoquinovose importer,,,1567362,I55F (ATC→TTC),,,,,,,,,,,,,,,0.28,,,,,,,,,,,,,,,,,,,,,,,,,,,,,,,,,,,,,,,,,,,,,,,,,,,
NC_000913,"3,975,377",SNP,A→G,wecE,,TDP-4-oxo-6-deoxy-D-glucose transaminase,,,1567208,S78G (AGC→GGC),,,0.23,,,,,,,,,,,,,,,,,,,,,,,,,,,,,,,,,,,,,,,,,,,,,,,,,,,,,,,,,,,,,,,
NC_000913,"4,296,380",INS,+C,"gltP, yjcO",,glutamate/aspartate:proton symporter/Sel1 family TPR-like repeat protein,,,1120391,intergenic (+586/+56),,0.91,,,,,,,,,,,,,,,,,,,,,,,,0.94,,,,,,,,,,,,,,,,,,,,,,,,,,,,,,,,0.95,,,,,,,,
NC_000913,"4,296,380",INS,+G,"gltP, yjcO",,glutamate/aspartate:proton symporter/Sel1 family TPR-like repeat protein,,,1120392,intergenic (+586/+56),,0.91,,,,,,,,,,,,,,,,,,,,,,,,0.94,,,,,,,,,,,,,,,,,,,,,,,,,,,,,,,,0.95,,,,,,,,
NC_000913,"1,020,961",SNP,A→G,"sulA, sxy",,SOS cell division inhibitor/CRP-S-dependent promoter expression factor,,,803978,intergenic (‑42/‑177),,,,,1.00,1.00,,,,,1.00,,,,,,,,,,,,,,,,,,1.00,,,,,,,,,,,,,,,,,,,,,,,,,,,,,,,,,,,,,
NC_000913,"2,413,513",DEL,Δ10 bp,ackA,,acetate kinase A and propionate kinase 2,,,1567511,coding (44‑53/1203 nt),,,,,,,,,,,,,,,,0.20,,1.00,,,,,,,,,,,,,,,,,,,,,,,,,,,,,,,,,,,,,,,,,,,,,,,,
NC_000913,"4,171,648",SNP,A→C,rrfB,,5S ribosomal RNA of rrnB operon,,,1193428,noncoding (12/120 nt),,,,,,,,,,,,,,,,,,,,,,,,,,,,,,,,,,,,,,,,,,,,,,,,,,,,,,,,,,,1.00,1.00,1.00,1.00,1.00,1.00,1.00,1.00
NC_000913,"827,507",SNP,T→G,ybhF,,putative ABC transporter ATPase,,,802446,D492A (GAC→GCC),,,,,,,,,,,,,,,,,,,,,,,,,,,,,,,0.33,,,,,,,0.36,,,,,,,,,,,,,,,,,,,,,,,,,,,,
NC_000913,"2,316,681",SNP,A→G,rcsB,,response regulator in two-component regulatory system with RcsC and YojN,,,1566573,T169A (ACC→GCC),,,,,,,,,,,,,,,,,,,,,,,,,,,,,,,,,,,,,,,,,,,,,,,,,,,,,,0.54,1.00,,,,,,,,,,,
NC_000913,"3,992,517",DEL,Δ5 bp,cyaA,,adenylate cyclase,,,1118352,coding (1365‑1369/2547 nt),,,,,,,,,,,,,,,,,,,,,,,,,,,,,,,,,,,,,,,,,,,,,,,,,,0.89,,,,,,,,,,,,,,,,
NC_000913,"989,945",SNP,A→G,pncB,,nicotinate phosphoribosyltransferase,,,802449,S138P (TCA→CCA),,,,,,,,,,,,,,,,,,,,,,,,,,,,,,,,,0.31,,,,,,,,,,,0.21,,,,,,,,,,,,,,,,,,,,,,
NC_000913,"1,726,054",INS,+ACATCT,nemR,,"transcriptional repressor for the nemRA-gloA operon, quinone-, glyoxal-, and HOCl-activated",,,1567427,coding (32/600 nt),,,,,,,,,,,,,,,,,,,,,,,,,,,,,,,,,,,,,,,,,,,,,,,,,,,,,,,,,,,,0.32,,,,,,
NC_000913,"702,330",DEL,Δ1 bp,nagA,,N-acetylglucosamine-6-phosphate deacetylase,,,1566868,coding (422/1149 nt),,,,,,,,,,,,,,,,,,,,,,,,,,,,,,,,,,,,,,,,,,,,,,,,,,,,,,,,,,,,0.21,,0.22,,0.20,,
NC_000913,"3,527,591",SNP,C→T,yrfF,,"putative RcsCDB-response attenuator, inner membrane protein",,,1566574,Q375* (CAG→TAG),,,,,,,,,,,,,,,,,,,,,,,,,,,,,,,,,,,,,,,,,,,,,,,,,,,,,,0.61,1.00,,,,,,,,,,,
NC_000913,"2,707,558",DEL,Δ1 bp,rseC,,SoxR iron-sulfur cluster reduction factor component,,,1567386,coding (244/480 nt),,,,1.00,,,,,,,,,,,,,,,,,,,,,,,,,,,,,,,,,,,,,,,,,,,,,,,,,,,,,,,,,,,,,,
NC_000913,"4,003,509",SNP,T→G,rarD,,putative chloramphenical resistance permease,,,1567087,T224P (ACC→CCC),,,,,,,,,,,,,,,,,,,,,,,,,,,,,,,,,,,,,,,,,,,,0.22,,,,,,,,,,,,,,,,,,,,,,
NC_000913,"3,213,434",SNP,G→A,rpoD,,"RNA polymerase, sigma 70 (sigma D) factor",,,1567388,V130I (GTT→ATT),,,,0.51,,,,,,,,,,,,,,,,,,,,,,,,,,,,,,,,,,,,,,,,,,,,,,,,,,,,,,,,,,,,,,
NC_000913,"1,299,499",DEL,"Δ1,199 bp","ychE, oppA",,UPF0056 family inner membrane protein/oligopeptide ABC transporter periplasmic binding protein,,,612037,intergenic (+254/‑485),,1.00,,,,1.00,1.00,,1.00,1.00,1.00,,,,1.00,1.00,1.00,1.00,1.00,1.00,,,,,1.00,1.00,,1.00,1.00,1.00,,1.00,,1.00,1.00,1.00,,,,1.00,,1.00,1.00,,,,1.00,1.00,1.00,,1.00,1.00,1.00,1.00,1.00,1.00,,,1.00,1.00,,,1.00,1.00,1.00,1.00
NC_000913,"153,986",MOB,IS5 (–) +4 bp,htrE,,putative outer membrane usher protein,,,1566880,coding (1438‑1441/2598 nt),,,,,,,,,,,,,,,,,,,,,,,,,,,,,,,,,,,,,,,,,,,,,,,,,,,,,,,,,,,,0.34,,,,,,
NC_000913,"653,049",SNP,T→G,citA,,sensory histidine kinase in two-component regulatory system with CitB,,,804514,V272G (GTG→GGG),,,,,,,,,,,,,,,,,,,,0.21,,,,,,,,,,,,,,,,,,,,,,,,,,,,,,,,,,,,,,,,,,,,,,
NC_000913,"2,977,595",INS,+C,galR,,galactose-inducible d-galactose regulon transcriptional repressor; autorepressor,,,1566883,coding (997/1032 nt),,,,,,,,,,,,,,,,,,,,,,,,,,,,,,,,,,,,,,,,,,,,,,,,,,,,,,,,,,,,0.29,,,,,,
NC_000913,"3,019,729",SNP,C→T,ssnA,,putative chlorohydrolase/aminohydrolase,,,1567837,P190L (CCG→CTG),,,,,,,,,,,,,,,,,,,,,,,,,,,,,,,,,,,,,,,,,,1.00,,,,,,,,,,,,,,,,,,,,,,,,
NC_000913,"734,765",SNP,T→G,rhsO,,"pseudogene, Rhs family",,,804517,pseudogene (633/1521 nt),,,,,,,,,,,,,,,,,,,,0.26,,,,,,,,,,,,,,,,,,,,,,,,,,,,,,,,,,,,,,,,,,,,,,
NC_000913,"734,789",SNP,T→G,rhsO,,"pseudogene, Rhs family",,,804518,pseudogene (657/1521 nt),,,,,,,,,,,,,,,,,,,,0.23,,,,,,,,,,,,,,,,,,,,,,,,,,,,,,,,,,,,,,,,,,,,,,
NC_000913,"2,304,798",SNP,T→C,"eco, mqo",,"ecotin, a serine protease inhibitor/malate dehydrogenase, FAD/NAD(P)-binding domain",,,1566577,intergenic (+405/+310),,,,,,,,,,,,,,,,,,,,,,,,,,,,,,,,,,,,,,,,,,,,,,,,,,,,,,,,,,,,,,,,0.27,,
NC_000913,"2,978,166",SNP,T→A,lysA,,"diaminopimelate decarboxylase, PLP-binding",,,1567400,Y245F (TAT→TTT),,,,,,,,,,,,,,,,,,,,0.21,0.26,,,,,,,,,,,,,,,,,,,,,,,,,,,,,,,,,,,,,,,,,,,,,
NC_000913,"1,978,503",DEL,Δ776 bp,"insB1,insA",,"insB1,insA",,,1102505,,1.00,,,,1.00,1.00,1.00,1.00,1.00,1.00,1.00,1.00,,1.00,,1.00,1.00,1.00,,1.00,,1.00,1.00,1.00,,,,1.00,1.00,1.00,1.00,1.00,,1.00,1.00,1.00,,,,1.00,1.00,1.00,1.00,1.00,,,1.00,1.00,1.00,1.00,1.00,1.00,,1.00,1.00,1.00,1.00,1.00,1.00,1.00,,1.00,1.00,1.00,,1.00
NC_000913,"3,815,859",DEL,Δ82 bp,"[rph],[rph]",,"[rph],[rph]",,,1102506,,1.00,1.00,1.00,1.00,1.00,1.00,1.00,1.00,1.00,1.00,1.00,1.00,1.00,1.00,1.00,1.00,1.00,1.00,1.00,1.00,1.00,1.00,1.00,1.00,1.00,1.00,1.00,1.00,1.00,1.00,1.00,1.00,1.00,1.00,1.00,1.00,1.00,1.00,1.00,1.00,1.00,1.00,1.00,1.00,1.00,1.00,1.00,1.00,1.00,1.00,1.00,1.00,1.00,1.00,1.00,1.00,1.00,1.00,1.00,1.00,1.00,1.00,1.00,1.00,1.00,1.00
NC_000913,"2,014,217",SNP,C→A,fliF,,flagellar basal-body MS-ring and collar protein,,,804551,A330E (GCA→GAA),,,,,,,,,,,,,,,,,,,,0.22,,,,,,,,,,,,,,,,,,,,,,,,,,,,,,,,,,,,,,,,,,,,,,
NC_000913,"2,316,393",SNP,T→C,rcsB,,response regulator in two-component regulatory system with RcsC and YojN,,,1566578,Y73H (TAC→CAC),,,,,,,,,,,,,,,,,,,,,,,,,,,,,,,,,,,,,,,,,,,,,,,,,,0.91,,,,,,,,,,,,,,,,
NC_000913,"445,570",SNP,T→C,yajR,,putative transporter,,,805703,D366G (GAC→GGC),,,,,,,,,,,,,,,,,,,,,,,,,,,,,,,,,,,,,,,,,,,0.22,,,,,,,,,,,,,,,,,,,,,,,
NC_000913,"599,579",SNP,T→G,cusA,,"copper/silver efflux system, membrane component",,,802890,V289G (GTG→GGG),,,,,,,,,,,,,,,,,,,,,,,,,,,,,,,,,,,,,,,0.24,,,,,0.20,,,,,,,,,,,,,,,,,,,,,,
NC_000913,"3,879,936",SNP,T→G,gyrB,,"DNA gyrase, subunit B",,,1567414,T62P (ACC→CCC),,,,,,,,,,,,,,,,,,,,0.22,,,,,,,,,,,,,,,,,,,,,,,,,,,,,,,,,,,,,,,,,,,,,,
NC_000913,"4,043,014",SNP,A→G,srkA,,Cpx stress response Thr/Ser protein kinase; MazF antagonist protein,,,1567417,G200G (GGA→GGG),,,,,,,,,,,,,,,,,,,,0.24,,,,,,,,,,,,,,,,,,,,,,,,,,,,,,,,,,,,,,,,,,,,,,
NC_000913,"4,368,875",SNP,A→G,fxsA,,suppressor of F exclusion of phage T7,,,1567421,E71G (GAG→GGG),,,,,,,,,,,,,,,,,,,,0.25,,,,,,,,,,,,,,,,,,,,,,,,,,,,,,,,,,,,,,,,,,,,,,
NC_000913,"1,159,282",INS,+AGT,ptsG,,fused glucose-specific PTS enzymes: IIB component/IIC component,,,1566869,coding (1414/1434 nt),,,,,,,,,,,,,,,,,,,,,,,,,,,,,,,,,,,,,,,,,,,,,,,,,,,,,,,,,,,0.22,0.55,,,,,0.23,
NC_000913,"4,579,656",SNP,A→C,symE,,toxic peptide regulated by antisense sRNA symR,,,1567425,V62G (GTG→GGG),,,,,,,,,,,,,,0.24,,,,,,,,,,,,,,,,,,,,,,,,,,,,,,,,,,,,,,,,,,,,,,,,,,,,
NC_000913,"4,594,557",SNP,G→A,lgoT,,putative L-galactonate:H+ symporter,,,1567426,L56F (CTC→TTC),,,,,,,,,,,,,,,,,,,,0.20,,,,,,,,,,,,,,,,,,,,,,,,,,,,,,,,,,,,,,,,,,,,,,
NC_000913,"2,383,623",SNP,A→T,elaD,,"protease, capable of cleaving an AMC-ubiquitin model substrate",,,1567435,D304V (GAT→GTT),,,,,,,,,,,,,,,,,,,,,,,,,,,0.25,,,,,,,,,,,,,,,,,,,,,,,,,,,,,,,,,,,,,,,
NC_000913,"3,004,824",SNP,A→C,ygeV,,putative sigma-54-interacting transcriptional activator,,,1567428,N321K (AAT→AAG),,,,,,,,,,,,,,,,,,,,,,,,,,,,,,,,,,,,,,,,,,,,,,,,,,,,,,,,,,,,0.55,,,,,,
NC_000913,"501,181",SNP,A→C,gsk,,inosine/guanosine kinase,,,807798,T353P (ACT→CCT),,,,,,,,,,,,,,0.23,,,,,,,,,,,,,,,,,,,,,,,,,,,,,,,,,,,,,,,,,,,,,,,,,,,,
NC_000913,"458,792",MOB,IS186 (–) +4 bp,"clpX, lon",,ATPase and specificity subunit of ClpX-ClpP ATP-dependent serine protease/DNA-binding ATP-dependent protease La,,,1567430,intergenic (+92/‑93),,,,,,,,,,,,,,,,,,,,,,,,,,,1.00,,,,,,,,,,,,,,,,,,,,,,,,,,,,,,,,,,,,,,,
NC_000913,"1,675,664",DEL,Δ6 bp,pntB,,"pyridine nucleotide transhydrogenase, beta subunit",,,1567521,coding (692‑697/1389 nt),,,,,,,,,,,,,,,,,,,,,,0.27,,,,,,,,,,,,,,,,,,,,,,,,,,,,,,,,,,,,,,,,,,,,
NC_000913,"3,992,705",MOB,IS5 (+) +4 bp,cyaA,,adenylate cyclase,,,1103863,coding (1553‑1556/2547 nt),,,,,,,,,,,,,,,,,,,,,,,,,,,,,,,,,,,,,,,,,,,,,,,,,,,,,,0.58,1.00,,,,,,,,,,,
NC_000913,"3,206,484",SNP,C→A,ttdA,,"L-tartrate dehydratase, alpha subunit",,,1567108,Q8K (CAA→AAA),,,,,,,,,,,,,,,,,,,,,,,,,,,,,,,,0.22,,,,,,,,,,,,,,,,,,,,,,,,,,,,,,,,,,
NC_000913,"2,120,818",SNP,A→G,wcaJ,,colanic biosynthesis UDP-glucose lipid carrier transferase,,,804555,L246P (CTC→CCC),,,,,,,,,,,,,,,,,,,,0.21,,,,,,,,,,,,,,,,,,,,,,,,,,,,,,,,,,,,,,,,,,,,,,
NC_000913,"2,434,882",SNP,T→G,truA,,tRNA pseudouridine(38-40) synthase,,,1567436,Y252S (TAC→TCC),,,,,,,,,,,,,,,,,,,,,,,,,,,0.23,,,,,,,,,,,,,,,,,,,,,,,,,,,,,,,,,,,,,,,
NC_000913,"3,782,908",SNP,T→G,gpsA,,glycerol-3-phosphate dehydrogenase (NAD+),,,1567440,T252P (ACC→CCC),,,,,,,,,,,,,,,,,,,,,,,,,,,0.26,,,,,,,,,,,,,,,,,,,,,,,,,,,,,,,,,,,,,,,
NC_000913,"4,237,261",SNP,T→C,yjbG,,extracellular polysaccharide export OMA protein,,,1567443,V122A (GTC→GCC),,,,,,,,,,,,,,,,,,,,,,,,,,,0.20,,,,,,,,,,,,,,,,,,,,,,,,,,,,,,,,,,,,,,,
NC_000913,"337,463",SNP,A→G,yahF,,putative NAD(P)-binding succinyl-CoA synthase,,,803028,E229G (GAG→GGG),,,,,,,,,,,,,,,,,,,,,,,,,0.21,,,,,,,,,,,,,,,,,,,,,,,,,,,,,,,,,,,,,,,,,
NC_000913,"284,003",SNP,A→G,yagF,,CP4-6 prophage; dehydratase family protein,,,1567445,E268G (GAG→GGG),,,,,,,,,,,,,,,,,,,,,,,,,,,,,,,,,,,,,,,0.22,,,,,,,,,,,,,,,,,,,,,,,,,,,
NC_000913,"272,636",SNP,T→G,eyeA,,"novel sRNA, function unknown, CP4-6 propahge",,,806615,noncoding (57/75 nt),,,,,,,,0.20,,,,,,,,,,,,,,,,,,,,,,,,,,,,,,,,,,,,,,,,,,,,,,,,,,,,,,,,,,
NC_000913,"3,527,606",DEL,Δ1 bp,yrfF,,"putative RcsCDB-response attenuator, inner membrane protein",,,1567279,coding (1138/2136 nt),,,,,,,,,,,,,,,,,,,,,,,,,,,,,,,,,,,,,,,,,,,,,,,,,,,,0.31,,,,,,,,,,,,,,
NC_000913,"507,782",SNP,T→G,ybaP,,TraB family protein,,,806618,H100P (CAC→CCC),,,,,,,,0.25,,,,,,,,,,,,,,,,,,,,,,,,,,,,,,,,,,,,,,,,,,,,,,,,,,,,,,,,,,
NC_000913,"1,196,131",SNP,G→A,icd,,isocitrate dehydrogenase; e14 prophage attachment site; tellurite reductase,,,1566941,A337T (GCC→ACC),,0.20,,,,,0.20,,,,,,0.28,,,,,,0.28,,,,,,0.31,,,,,,0.21,,,,,,,,,,,,0.21,,,,,,,,,,,,,,,,,,,,,,,
NC_000913,"1,196,305",SNP,C→T,icd,,isocitrate dehydrogenase; e14 prophage attachment site; tellurite reductase,,,1566942,R395C (CGT→TGT),,0.53,0.90,1.00,1.00,1.00,0.47,1.00,1.00,1.00,1.00,1.00,0.55,1.00,1.00,1.00,1.00,1.00,0.40,0.79,0.64,1.00,1.00,1.00,0.50,0.89,1.00,1.00,1.00,1.00,0.60,1.00,0.94,1.00,1.00,1.00,0.32,0.23,0.45,,,,0.46,0.91,0.94,1.00,1.00,1.00,,,,,,,,,,,,,,,,,,
NC_000913,"1,877,287",SNP,A→C,yoaF,,DUF333 family outer membrane lipoprotein,,,1566943,G82G (GGT→GGG),,,,,,,,,,,,,0.22,,,,,,,,,,,,,,,,,,,,,,,,,,,,,,,,,,,,,,,,,,,,,,,,,,,,,
NC_000913,"2,260,629",SNP,T→C,fruA,,fused fructose-specific PTS enzymes: IIBcomponent/IIC components,,,1566944,E261G (GAG→GGG),,,,,,,,,,,,,0.20,,,,,,,,,,,,,,,,,,,,,,,,,,,,,,,,,,,,,,,,,,,,,,,,,,,,,
NC_000913,"1,520,084",SNP,G→A,"curA, mcbR",,"curcumin/dihydrocurcumin reductase, NADPH-dependent/colanic acid and biofilm gene transcriptional regulator, MqsR-controlled",,,806627,intergenic (+20/‑178),,,,,,,,0.33,,,,,,,,,,,,,,,,,,,,,,,,,,,,,,,,,,,,,,,,,,,,,,,,,,,,,,,,,,
NC_000913,"2,791,798",SNP,A→C,gabD,,"succinate-semialdehyde dehydrogenase I, NADP-dependent",,,1566949,T176P (ACC→CCC),,,,,,,,,,,,,0.22,,,,,,,,,,,,,,,,,,,,,,,,,,,,,,,,,,,,,,,,,,,,,,,,,,,,,
NC_000913,"3,053,585",SNP,T→G,pepP,,proline aminopeptidase P II,,,1566953,N419T (AAC→ACC),,,,,,,,,,,,,0.30,,,,,,,,,,,,,,,,,,,,,,,,,,,,,,,,,,,,,,,,,,,,,,,,,,,,,
NC_000913,"3,206,506",SNP,C→A,ttdA,,"L-tartrate dehydratase, alpha subunit",,,1566955,T15K (ACA→AAA),,,,,,,,,,,,,0.26,,,,,,,,,,,,,,,,,,,,,,,,,,,,,,,0.25,,,,,,,,,,,,,,,,,,,,,,
NC_000913,"62,822",DEL,Δ16 bp,rapA,,"RNA polymerase remodeling/recycling factor ATPase; RNA polymerase-associated, ATP-dependent RNA translocase",,,1567468,coding (428‑443/2907 nt),,,,,,,,,,,,,,,,,,,,,,,,,,,,,,,,,,1.00,1.00,1.00,,,,,,,,,,,,,,,,,,,,,,,,,,,,,,
NC_000913,"973,271",MOB,IS5 (+) +4 bp,elyC,,envelope biogenesis factor; DUF218 superfamily protein,,,1567470,coding (128‑131/780 nt),,,,,,,,,,,,,,,,,,,,,,,,,,,,,,,,,,0.69,,,,,,,,,,,,,,,,,,,,,,,,,,,,,,,,
NC_000913,"1,726,004",SNP,G→A,"ydhL, nemR",,"DUF1289 family protein/transcriptional repressor for the nemRA-gloA operon, quinone-, glyoxal-, and HOCl-activated",,,801523,intergenic (‑84/‑19),,,,,,,,,,,,,,,,,,,,,,,,,,,,,,,,,,,,,,,,,,,,,,,,,,,,,,,,,,,,,,,,0.30,,
NC_000913,"3,489,862",SNP,A→G,argD,,bifunctional acetylornithine aminotransferase and succinyldiaminopimelate aminotransferase,,,1566964,S107P (TCC→CCC),,,,,,,,,,,,,0.22,,,,,,,,,,,,,,,,,,,,,,,,,,,,,,,,,,,,,,,,,,,,,,,,,,,,,
NC_000913,"3,875,538",SNP,C→A,yidX,,putative lipoprotein,,,1566598,A34E (GCA→GAA),,,,,,,,,,,,,,,,,,,,,,,,,,,,,,,,,,,,,,,,,,,,,,,,,,,,,,,,0.24,,,,,,,,,,
NC_000913,"3,553,103",MOB,IS5 (+) +4 bp,malT,,mal regulon transcriptional activator,,,1567480,coding (19‑22/2706 nt),,,,,,,,,,,,,,,,,,,,,,,,,,,,,,,,,,1.00,1.00,1.00,,,,,,,,,,,,,,,,,,,,,,,,,,,,,,
NC_000913,"1,143,829",SNP,A→C,rne,,endoribonuclease; RNA-binding protein;RNA degradosome binding protein,,,1567045,L180R (CTG→CGG),,,,,,,,,,,,,,,,,,,,,,,,,,,0.95,,,,,,,,,,,,,,,,,,,,,,,,,,,,,,,,,,,,,,,
NC_000913,"954,356",SNP,C→A,focA,,formate channel,,,807807,L37L (CTG→CTT),,,,,,,,,,,,,,0.31,,,,,,,,,,,,,,,,,,,,,,,,,,,,,,,,,,,,,,,,,,,,,,,,,,,,
NC_000913,"4,049,903",MOB,IS2 (–) +5 bp,spf,,"Spot 42 sRNA antisense regulator of galK translation, Hfq-dependent",,,1567484,noncoding (5‑9/109 nt),,,,,,,,,,,,,,,,,,,,,,,,,,,,,,,,,,1.00,1.00,1.00,,,,,,,,,,,,,,,,,,,,,,,,,,,,,,
NC_000913,"1,159,287",MOB,IS2 (–) +5 bp,ptsG,,fused glucose-specific PTS enzymes: IIB component/IIC component,,,1567486,coding (1419‑1423/1434 nt),,,,,,,,,,,,,,,,,,,,,,,,,,,,,,,,,,,,,,,,,,,,,,,,,,,,,,,,,,,,,,0.60,,,,
NC_000913,"4,295,700",SNP,T→G,gltP,,glutamate/aspartate:proton symporter,,,1566975,V407G (GTG→GGG),,,,,,,,,,,,,,,0.21,,,,,,0.27,,,,,,,,,,,,,,,,,,,,,,,,,,,,,,,,,,,,,,,,,,,,,
NC_000913,"351,510",SNP,T→C,prpD,,2-methylcitrate dehydratase,,,808194,L99P (CTC→CCC),,0.26,,,,,,,,,,,,,,,,,,,,,,,,,,,,,,,,,,,,,,,,,,,,,,,,,,,,,,,,,,,,,,,,
NC_000913,"4,606,902",SNP,A→G,rsmC,,"16S rRNA m(2)G1207 methyltransferase, SAM-dependent",,,1566980,S267P (TCC→CCC),,,,,,,,,,,,,0.22,,,,,,,,0.20,,,,,,,,,,,,,,,,,,,,,,,,,,,,,,,,,,,,,,,,,,,,,
NC_000913,"4,296,060",SNP,C→T,"gltP, yjcO",,glutamate/aspartate:proton symporter/Sel1 family TPR-like repeat protein,,,1103621,intergenic (+266/+376),,0.21,0.20,,,,0.26,,0.20,,,,0.31,0.28,0.33,,,,,0.22,0.20,,,,,0.21,,,,,0.23,,,,,,,,,,,,0.29,,,0.21,,,,,0.22,,,,,,,,,,,,,,,
NC_000913,"4,296,380",INS,+CG,"gltP, yjcO",,glutamate/aspartate:proton symporter/Sel1 family TPR-like repeat protein,,,1103622,intergenic (+586/+56),,,1.00,1.00,,,1.00,1.00,1.00,1.00,,,1.00,1.00,1.00,1.00,,,1.00,1.00,1.00,1.00,,,1.00,,1.00,1.00,,,1.00,1.00,1.00,1.00,,,1.00,1.00,1.00,1.00,,,1.00,1.00,1.00,1.00,,,1.00,1.00,1.00,1.00,1.00,1.00,1.00,1.00,1.00,,1.00,1.00,1.00,1.00,1.00,1.00,1.00,1.00
NC_000913,"357,819",SNP,G→C,cynR,,transcriptional activator of cyn operon; autorepressor,,,1566985,A291G (GCG→GGG),,,,,,,,,,,,,,,,,,,,,,,,,,,,,,,,,0.22,,,,,,,,,,,,,,,,,,,,,,,,,,,,,,,,,
NC_000913,"458,873",MOB,IS5 (–) +4 bp,"clpX, lon",,ATPase and specificity subunit of ClpX-ClpP ATP-dependent serine protease/DNA-binding ATP-dependent protease La,,,1566986,intergenic (+173/‑12),,,,,,,,,,,,,,,,,,,,,,,,,,,,,,,,0.55,0.22,,,,,,,,,,,,,,,,,,,,,,,,,,,,,,,,,
NC_000913,"3,782,917",SNP,G→A,gpsA,,glycerol-3-phosphate dehydrogenase (NAD+),,,1567499,L249L (CTG→TTG),,,,,,,,,,,,,,,,,,,,,,,,,,,,,,,,0.23,,,,,,0.22,,,,,,,,,,,,,,,,,,,,,,,,,,,,
NC_000913,"2,228,256",SNP,A→C,mdtQ,,pseudogene; putative channel/filament proteins,,,1566993,pseudogene (354/1287 nt),,,,,,,,,,,,,,,,,,,,,,,,,,,,,,,0.22,,,,,,,,,,,,,,,,,,,,,,,,,,,,,,,,,,,
NC_000913,"2,228,272",SNP,A→C,mdtQ,,pseudogene; putative channel/filament proteins,,,1566994,pseudogene (338/1287 nt),,,,,,,,,,,,,,,,,,,,,,,,,,,,,,,0.27,,,,,,,,,,,,,,,,,,,,,,,,,,,,,,,,,,,
NC_000913,"4,536,218",SNP,C→A,"yjhR, nanS",,"pseudogene, helicase family; putative frameshift suppressor/9-O-acetyl N-acetylneuraminic acid esterase",,,1567510,intergenic (+187/+396),,,,,,,,,,,,,,,,,,,,,,,,,,,,,,,,,,,,,,0.24,,,,,,,,,,,,,,,,,,,,,,,,,,,,
NC_000913,"433,649",SNP,T→G,ribD,,fused diaminohydroxyphosphoribosylaminopyrimidine deaminase and 5-amino-6-(5-phosphoribosylamino) uracil reductase,,,785175,G65G (GGT→GGG),,,0.33,,,,,,,,,,,,0.45,,,,,,0.36,,,,0.20,,0.26,,,,0.21,0.28,0.29,,,,,,,,,,0.29,0.27,,,,,,,,,,,,,,,,,,,,,,
NC_000913,"3,194,572",DEL,(T)6→5,"yqiK, sibD",,"PHB family membrane protein, function unknown/sRNA antisense regulator of toxic IbsD protein",,,1567512,intergenic (+47/+151),,,,,,,,,,,,,,,,,,1.00,,,,,,,,,,,,,,,,,,,,,,,,,,,,,,,,,,,,,,,,,,,,,,,,
NC_000913,"4,049,991",DEL,Δ12 bp,spf,,"Spot 42 sRNA antisense regulator of galK translation, Hfq-dependent",,,1567513,noncoding (93‑104/109 nt),,,,,,,,,,,,,,,,0.41,1.00,1.00,,,,,,,,,,,,,,,,,,,,,,,,,,,,,,,,,,,,,,,,,,,,,,,,
NC_000913,"4,151,329",SNP,T→G,ppc,,phosphoenolpyruvate carboxylase,,,1567023,A590A (GCA→GCC),,,,,,,,,,,,,,,,,,,,,,,,,,,0.31,,,,,,0.24,,,,,,,,,,,,,,,,,,,,,,,,,,,,,,,,,
NC_000913,"3,206,477",SNP,T→A,ttdA,,"L-tartrate dehydratase, alpha subunit",,,1567005,S5R (AGT→AGA),,,,,,,,,,,,,,,,,,,,,,,,,,,,,,,,,,,,,0.21,,,,,,,,,,,,,,,,,,,,,,,,,,,,,
NC_000913,"3,206,483",SNP,G→A,ttdA,,"L-tartrate dehydratase, alpha subunit",,,1567006,K7K (AAG→AAA),,,,,,,,,,,,,,,,,,,,,,,,,0.23,0.28,0.30,,,,0.21,,,,,,0.21,,0.32,,,,,,,,,,,,,,,,,,,,,,,,,,,
NC_000913,"3,206,487",SNP,C→A,ttdA,,"L-tartrate dehydratase, alpha subunit",,,1567007,Q9K (CAG→AAG),,,,,,,,,,,,,,,,,,,,,,,,,,,,,,,0.21,,,,,,,,,,,,,,,,,,,,,,,,,,,,,,,,,,,
NC_000913,"3,536,135",SNP,G→C,ompR,,response regulator in two-component regulatory system with EnvZ,,,1567009,R150R (CGC→CGG),,,0.22,,,,,,,,,,,,,,,,,,,,,,,,,,,,,,,,,,,,,,,,,,,,,,,,,,,,,,,,,,,,,,,
NC_000913,"4,049,891",MOB,IS5 (–) +4 bp,"polA, spf",,"5' to 3' DNA polymerase and 3' to 5'/5' to 3' exonuclease/Spot 42 sRNA antisense regulator of galK translation, Hfq-dependent",,,1567128,intergenic (+139/‑5),,,,,,,,,,,,,,,,,,,,,,,,,,,,0.91,1.00,1.00,,,,,,,,,,,,,,,,,,,,,,,,,,,,,,,,,,,,
NC_000913,"3,781,966",SNP,A→C,cysE,,serine acetyltransferase,,,1567012,G199G (GGT→GGG),,,,,,,,,,,,,,,,,,,,,,,,,,,,,,,0.25,,,,,,,,,,,,,0.22,,,,,,,,,,,,,,,,,,,,,,
NC_000913,"2,415,807",SNP,A→C,pta,,phosphate acetyltransferase,,,1567525,D354A (GAT→GCT),,,,,1.00,,,,,,,,,,,,,,,,,,,,,,,,,,,,,,,,,,,,,,,,,,,,,,,,,,,,,,,,,,,,,
NC_000913,"2,414,037",SNP,A→C,ackA,,acetate kinase A and propionate kinase 2,,,1567526,T190P (ACC→CCC),,,,,,,,,,,,,,,,,1.00,,,,,,,,,,,,,,,,,,,,,,,,,,,,,,,,,,,,,,,,,,,,,,,,,
NC_000913,"3,862,670",SNP,T→A,glvC,,"pseudogene, arbutin specific enzyme IIC component of PTS;enzyme; Transport of small molecules: Carbohydrates, organic acids, alcohols; PTS system, arbutin-like IIB component; PTS system, arbutin-like IIC component",,,1567015,pseudogene (934/1617 nt),,,,,,,,,,,,,,,,,,,0.34,,,,,,,,0.30,,,,0.29,,,,,,,0.24,0.25,,,,,,,,,,,,,,,,,,,,,,,,,,,
NC_000913,"3,624,957",SNP,G→T,yhhI,,putative transposase,,,1567528,A194S (GCG→TCG),,,,,,,,,,,,,,,,,,,,,,,,,,,,,,,,,,,,1.00,,,,,,,,,,,,,,,,,,,,,,,,,,,,,,
NC_000913,"458,790",MOB,IS186 (+) +6 bp :: Δ1 bp,"clpX, lon",,ATPase and specificity subunit of ClpX-ClpP ATP-dependent serine protease/DNA-binding ATP-dependent protease La,,,1195817,intergenic (+90/‑93),,,,,,,,,,,,,,,,,,,,,,,,,,,,,,,,,0.62,,,,,,,,,,,,,,,,,,,,,,,,,,,,,,,,,
NC_000913,"207,473",SNP,T→G,dnaE,,DNA polymerase III alpha subunit,,,804139,M783R (ATG→AGG),,,,,,,,,,,,,,,,,,,0.32,,,,,,,,,,,,,,,,,,,,,,,,,,,,,,,,,,,,,,,,,,,,,,,
NC_000913,"4,091,186",SNP,T→G,frvB,,"putative PTS enzyme, IIB component/IIC component",,,1567021,Y394S (TAC→TCC),,,,,,,,,,,,,,,,,,,,,,,,,,,,,,,0.24,,,,,,,,,,,,,,,,,,,,,,,,,,,,,,,,,,,
NC_000913,"3,480,296",SNP,T→C,kefB,,potassium:proton antiporter,,,1567197,G104G (GGA→GGG),,,0.21,,,,,,,,,,,,,,,,,,,,,,,,,,,,,,,,,,,,,,,,,,,,,,,,,,,,,,,,,,,,,,,
NC_000913,"3,527,658",DEL,Δ5 bp,yrfF,,"putative RcsCDB-response attenuator, inner membrane protein",,,1566583,coding (1190‑1194/2136 nt),,,,,,,,,,,,,,,,,,,,,,,,,,,,,,,,,,,,,,,,,,,,,,,,,,0.93,,,,,,,,,,,,,,,,
NC_000913,"175,537",SNP,T→G,clcA,,H(+)/Cl(-) exchange transporter,,,802270,V144G (GTG→GGG),,,,,,,,,,,,,0.26,,,,,,,,,,,,,,,,,,,,,,,,,,,,,,,,,,,,,,,,,,,,,,,,,,,,,
NC_000913,"701,362",SNP,G→T,nagC,,N-acetylglucosamine-inducible nag divergent operon transcriptional repressor,,,804896,S78Y (TCC→TAC),,,,,,,,,,,,,,,,,,,,,,,,,,,,,,,,,,,1.00,,,,,,,,,,,,,,,,,,,,,,,,,,,,,,,
NC_000913,"3,528,108",SNP,T→G,yrfF,,"putative RcsCDB-response attenuator, inner membrane protein",,,1567031,L547R (CTG→CGG),,,,,,,,,,,,,,,,,,,,,,,,,,,,,,,,,,,,,,,,,,,,,,,,,0.49,,0.51,,0.46,,,0.24,0.26,,,,,,,,,
NC_000913,"3,992,438",SNP,T→G,cyaA,,adenylate cyclase,,,1567032,L429* (TTA→TGA),,,,,,,,,,,,,,,,,,,,,,,,,,,,,,,,,,,,,,,,,,,,,,,,,,,,0.21,,0.39,,,,,,,,,,,,
NC_000913,"2,849,513",SNP,T→G,hycB,,"hydrogenase 3, Fe-S subunit",,,1567545,T113P (ACC→CCC),,,,,,,0.24,,,,,,,,,,,,,,,,,,,,,,,,,,,,,,,,,,,,,,,,,,,,,,,,,,,,,,,,,,,
NC_000913,"520,534",SNP,A→G,ybbP,,putative ABC transporter permease,,,804155,E40G (GAG→GGG),,,,,,,,,,,,,,,,,,,0.24,,,,,,,,,,,,,,,,,,,,,,,,,,,,,,,,,,,,,,,,,,,,,,,
NC_000913,"3,088,201",SNP,C→A,"metK, galP",,S-adenosylmethionine synthetase/D-galactose transporter,,,1567040,intergenic (+341/‑83),,,,,,,,,,,,,,,,,,,,,,,,,,,,,,,,,,,,,,,,,,,,,,,,,,,,,,,,,,,,,,,,0.60,,
NC_000913,"599,612",SNP,T→G,cusA,,"copper/silver efflux system, membrane component",,,804673,V300G (GTG→GGG),,,,,,,,,,,,,,,,,,,,,,,,,,,,,,,,,,,,,,,0.20,,,,,,,,,,,,,,,,,,,,,,,,,,,
NC_000913,"3,665,707",SNP,A→C,gadX,,acid resistance regulon transcriptional activator; autoactivator,,,1567557,V35G (GTT→GGT),,,,,,,0.20,,,,,,,,,,,,,,,,,,,,,,,,,,,,,,,,,,,,,,,,,,,,,,,,,,,,,,,,,,,
NC_000913,"762,113",SNP,T→C,sucB,,dihydrolipoyltranssuccinase,,,804167,S198P (TCC→CCC),,,,,,,,,,,,,,0.26,,,,,0.22,,,,,,,,,,,,,,,,,,,,,,,,,,,,,,,,,,,,,,,,,,,,,,,
NC_000913,"2,828,506",SNP,T→G,srlD,,sorbitol-6-phosphate dehydrogenase,,,1567048,V257G (GTG→GGG),,,,,,,,,,,,,,,,,,,0.25,,0.22,,,,,,0.21,,,,,,,,,,,,,,,,,,,,,,,,,,,,,,,,,,,,,,,
NC_000913,"1,358,812",SNP,A→G,puuP,,putrescine importer,,,804681,S126P (TCC→CCC),,,,,,,,,,,,,,,,,,,,,,,,,,,0.20,,,,,,,,,,,,,,,,,,,,,,,,,,,,,,,,,,,,,,,
NC_000913,"1,726,507",DEL,Δ1 bp,nemR,,"transcriptional repressor for the nemRA-gloA operon, quinone-, glyoxal-, and HOCl-activated",,,801612,coding (485/600 nt),,,,,,,,,,,,,,,,,,,,,,,,,,,,,,,,,,,,,,,,,,,,,,,,,,,,,,,,,,,,0.27,,,,,,
NC_000913,"1,383,710",SNP,C→A,ycjW,,LacI family putative transcriptional repressor,,,805710,L84F (TTG→TTT),,,,,,,,,,,,,,,,,,,,,,,,,,,,,,,,,,,,,,,,,,,0.25,,,,,,,,,,,,,,,,,,,,,,,
NC_000913,"4,205,621",SNP,G→T,purD,,phosphoribosylglycinamide synthetase phosphoribosylamine-glycine ligase,,,1567055,S104* (TCA→TAA),,,,,,,,,,,,,,,,,,,,,,,,,,0.26,,,,,,,,,,,,,,,,,,,,,,,,,,,,,,,,,,,,,,,,
NC_000913,"1,411,925",DEL,"Δ23,060 bp","[ttcA],intR,ydaQ,ydaC,ralR,recT,recE,racC,ydaE,kilR,sieB,ydaF,ydaG,racR,ydaS,ydaT,ydaU,ydaV,ydaW,rzpR,rzoR,trkG,ynaK,ydaY,tmpR,lomR,insH1,lomR,stfR,tfaR,pinR,ynaE,[ttcC]",,"[ttcA],intR,ydaQ,ydaC,ralR,recT,recE,racC,ydaE,kilR,sieB,ydaF,ydaG,racR,ydaS,ydaT,ydaU,ydaV,ydaW,rzpR,rzoR,trkG,ynaK,ydaY,tmpR,lomR,insH1,lomR,stfR,tfaR,pinR,ynaE,[ttcC]",,,1567057,,,,,,,,,,,,,,,,,,,,,,,1.00,1.00,1.00,,,,,,,,,,,,,,,,,,,,,,,,,,,,,,,,,,,,,,,,,,
NC_000913,"3,214,415",SNP,A→C,rpoD,,"RNA polymerase, sigma 70 (sigma D) factor",,,1567058,I457L (ATT→CTT),,,,,,,,,,,,,,,,,,,,,,1.00,1.00,1.00,,,,,,,,,,,,,,,,,,,,,,,,,,,,,,,,,,,,,,,,,,
NC_000913,"1,088,068",SNP,A→G,pgaB,,"poly-beta-1,6-N-acetyl-D-glucosamine (PGA) N-deacetylase outer membrane export lipoprotein",,,805203,I597T (ATC→ACC),,,,,,,,,,,,,,,,,,1.00,,,,,,,,,,,,,,,,,,,,,,,,,,,,,,,,,,,,,,,,,,,,,,,,
NC_000913,"1,619,080",DEL,Δ35 bp,"marC, marR",,UPF0056 family inner membrane protein/transcriptional repressor of multiple antibiotic resistance,,,805204,intergenic (‑172/‑6),,,,,,,,,,,,,,,,0.26,1.00,1.00,,,,,,,,,,,,,,,,,,,,,,,,,,,,,,,,,,,,,,,,,,,,,,,,
NC_000913,"1,110,159",MOB,IS2 (–) +5 bp,opgG,,"OPG biosynthetic periplasmic beta-1,6 branching glycosyltransferase",,,1567575,coding (825‑829/1536 nt),,,,,,,,,,,,,,,,,,,,,,,,,,,,,,,,,,,,,,,,0.32,,,,,,,,,,,,,,,,,,,,,,,,,,
NC_000913,"2,459,225",SNP,T→C,fadI,,"beta-ketoacyl-CoA thiolase, anaerobic, subunit",,,1567064,G415G (GGA→GGG),,,0.22,,,,,,,,,,,,,,,,,,,,,,,,,,,,,,,,,,,,,,,,,0.24,,,,,,,,,,,,,,,,,,,,,,
NC_000913,"711,536",SNP,C→T,"fldA, ybfE",,"flavodoxin 1/LexA-regulated protein, CopB family",,,803161,intergenic (‑71/+69),,,,,,,,,,,,,,,,,,,,,,,,,,,,1.00,1.00,1.00,,,,,,,,,,,,,,,,,,,,,,,,,,,,,,,,,,,,
NC_000913,"1,406,283",SNP,T→G,smrA,,DNA endonuclease,,,804187,V102G (GTG→GGG),,,,,,,0.22,,,,,,,,,,,,,,,,,,,,,,,,,,,,,,,,,,,,,,,,,,,,,,,,,,,,,,,,,,,
NC_000913,"2,132,787",SNP,A→C,wcaA,,putative glycosyl transferase,,,770909,I204S (ATC→AGC),1.00,1.00,1.00,1.00,1.00,1.00,1.00,1.00,1.00,1.00,1.00,1.00,1.00,1.00,1.00,1.00,1.00,1.00,1.00,1.00,1.00,1.00,1.00,1.00,1.00,1.00,1.00,1.00,1.00,1.00,1.00,1.00,1.00,1.00,1.00,1.00,1.00,1.00,1.00,1.00,1.00,1.00,1.00,1.00,1.00,1.00,1.00,1.00,1.00,1.00,1.00,1.00,1.00,1.00,1.00,1.00,1.00,1.00,1.00,1.00,1.00,1.00,1.00,1.00,1.00,1.00
NC_000913,"4,160,113",SNP,G→T,sthA,,"pyridine nucleotide transhydrogenase, soluble",,,1567584,H226Q (CAC→CAA),,,,,,,,,,,,,,,,,,,,,,,,,,,,,,,,,,,,,,,,1.00,1.00,1.00,,,,,,,,,,,,,,,,,,,,,,,,
NC_000913,"3,615,865",SNP,A→C,nikB,,nickel ABC transporter permease,,,1567074,T209P (ACC→CCC),,,,,,,,,,,,,,,,,,,,,,,,,,,,,,,,,,,,,,,0.20,,,,,,,,,,,,,,,,,,,,,,,,,,,
NC_000913,"3,638,228",SNP,A→G,pitA,,"phosphate transporter, low-affinity; tellurite importer",,,1567075,E196G (GAG→GGG),,,,,,,,,0.23,,,,,,,,,,,,,,,,,,,,,,,,,,,,,,,,,,,,,,,,,,,,,,,,,,,,,,,,,
NC_000913,"1,837,435",SNP,T→G,ynjC,,putative ABC transporter permease,,,804196,V75G (GTG→GGG),,,,,,,,,,,,,,,,,,,0.22,,,,,,,,,,,,,,,,,,,,,,,,,,,,,,,,,,,,,,,,,,,,,,,
NC_000913,"3,680,185",SNP,T→G,kdgK,,2-dehydro-3-deoxygluconokinase,,,1567077,V256G (GTG→GGG),,,,,,,,,,,,,,,,,,,0.25,,,,,,,,,,,,,,,,,,,,,,,,,,,,,,,,,,,,,,,,,,,,,,,
NC_000913,"61,461",SNP,G→A,rapA,,"RNA polymerase remodeling/recycling factor ATPase; RNA polymerase-associated, ATP-dependent RNA translocase",,,1567590,Q602* (CAG→TAG),,,,,,,,,,,,1.00,,,,,,,,,,,,,,,,,,,,,,,,,,,,,,,,,,,,,,,,,,,,,,,,,,,,,,
NC_000913,"3,526,449",MOB,IS5 (+) +4 bp,"nudE, yrfF",,"adenosine nucleotide hydrolase; Ap3A/Ap2A/ADP-ribose/NADH hydrolase/putative RcsCDB-response attenuator, inner membrane protein",,,1566567,intergenic (‑300/‑17),,,,,,,,,,,,,,,,,,,,,,,,,,,,,,,,,,,,,,,,,,,,,,,,,0.51,,0.67,0.45,0.61,,,0.68,0.80,1.00,,,,,,,,
NC_000913,"3,782,919",SNP,T→C,gpsA,,glycerol-3-phosphate dehydrogenase (NAD+),,,1567080,D248G (GAT→GGT),,,,,,,,,,,,,,,,,,,,,,,,,,,,,,,,,,,,,,,,,,,,0.31,,,,,,,,,,,,,,,,,,,,,,
NC_000913,"2,509,471",SNP,G→A,"glk, yfeO",,glucokinase/putative ion channel protein,,,1566569,intergenic (‑45/‑159),,,,,,,,,,,,,,,,,,,,,,,,,,,,,,,,,,,,,,,,,,,,,,,,,,,,,,,,,0.37,1.00,,,,,,,,
NC_000913,"75,091",SNP,G→T,thiB,,thiamine/thiamine pyrophosphate/thiamine monophosphate ABC transporter periplasmic binding protein,,,807786,D130E (GAC→GAA),,,,,,,,,,,,,,0.37,,,,,,,,,,,,,,,,,,,,,,,,,,,,,,,,,,,,,,,,,,,,,,,,,,,,
NC_000913,"2,093,736",SNP,T→G,hisB,,histidinol-phosphatase and imidazoleglycerol-phosphate dehydratase,,,804203,V90G (GTG→GGG),,,,,,,,,,,,,,,,,,,0.23,,,,,,,,,,,,,,,,,,,,,,,,,,,,,,,,,,,,,,,,,,,,,,,
NC_000913,"3,053,515",SNP,T→C,ubiH|pepP,,"2-octaprenyl-6-methoxyphenol hydroxylase, FAD/NAD(P)-binding|proline aminopeptidase P II",,,1567596,S2G (AGC→GGC) *442W (TGA→TGG),,,,,,,,,,,,,,,0.27,,,,,,,,,,,,,,,,,,,,,,,,,,,,,,,,,,,,,,,,,,,,,,,,,,,
NC_000913,"3,053,526",SNP,T→C,pepP,,proline aminopeptidase P II,,,1567597,R439G (AGA→GGA),,,,,,,,,,,,,,,0.28,,,,,,,,,,,,,,,,,,,,,,,,,,,,,,,,,,,,,,,,,,,,,,,,,,,
NC_000913,"159,258",SNP,G→T,gluQ,,glutamyl-Q tRNA(Asp) synthetase,,,807790,V285V (GTC→GTA),,,,,,,,,,,,,,0.22,,,,,,,,,,,,,,,,,,,,,,,,,,,,,,,,,,,,,,,,,,,,,,,,,,,,
NC_000913,"3,210,861",SNP,T→G,rpsU,,30S ribosomal subunit protein S21,,,1567599,G27G (GGT→GGG),,,,,,,,0.21,,,,,,,,,,,,,,,,,,,,,,,,,,,,,,,,,,,,,,,,,,,,,,,,,,,,,,,,,,
NC_000913,"3,355,507",SNP,G→C,gltB,,"glutamate synthase, large subunit",,,1567601,P261P (CCG→CCC),,,,,,,,,,,,,,,0.20,,,,,,,,,,,,,,,,,,,,,,,,,,,,,,,,,,,,,,,,,,,,,,,,,,,
NC_000913,"3,525,959",INS,+GGATCA,nudE,,adenosine nucleotide hydrolase; Ap3A/Ap2A/ADP-ribose/NADH hydrolase,,,1567602,coding (191/561 nt),,,,,,,,,,,,,,0.46,0.83,,,,,,,,,,,,,,,,,,,,,,,,,,,,,,,,,,,,,,,,,,,,,,,,,,,
NC_000913,"3,629,382",SNP,T→C,rbbA,,ribosome-associated ATPase: ATP-binding protein/ATP-binding membrane protein,,,1567603,S53G (AGC→GGC),,,,,,,,,,,,,,,0.23,,,,,,,,,,,,,,,,,,,,,,,,,,,,,,,,,,,,,,,,,,,,,,,,,,,
NC_000913,"3,842,368",SNP,A→C,yicN,,DUF1198 family protein,,,1567604,V12G (GTG→GGG),,,,,,,,,,,,,,,0.28,,,,,,,,,,,,,,,,,,,,,,,,,,,,,,,,,,,,,,,,,,,,,,,,,,,
NC_000913,"4,125,363",SNP,T→G,priA,,Primosome factor n' (replication factor Y),,,1567606,H483P (CAC→CCC),,,,,,,,,,,,,,,0.26,,,,,,,,,,,,,,,,,,,,,,,,,,,,,,,,,,,,,,,,,,,,,,,,,,,
NC_000913,"4,244,539",SNP,A→G,malF,,maltose transporter subunit,,,1567607,N179N (AAT→AAC),,,,,,,,,,,,,,,0.20,,,,,,,,,,,,,,,,,,,,,,,,,,,,,,,,,,,,,,,,,,,,,,,,,,,
NC_000913,"4,609,767",SNP,T→G,prfC,,peptide chain release factor RF-3,,,1567608,G118G (GGT→GGG),,,,,,,,,,,,,,,0.25,,,,,,,,,,,,,,,,,,,,,,,,,,,,,,,,,,,,,,,,,,,,,,,,,,,
NC_000913,"4,449,045",SNP,T→G,"chpB, ppa",,toxin of the ChpB-ChpS toxin-antitoxin system/inorganic pyrophosphatase,,,1567098,intergenic (+3/+77),,,,,,,0.27,,,,,,,0.25,,,,,,,0.20,,,,,,,,,,,,,,,,,,,,,,,,,,,,,,,,,,,,,,,,,,,,,
NC_000913,"1,020,956",SNP,A→G,"sulA, sxy",,SOS cell division inhibitor/CRP-S-dependent promoter expression factor,,,799611,intergenic (‑37/‑182),,,,,,,,,,,,,,,,,,,,,,,1.00,1.00,,,,,,1.00,,,,,,,,,,,,,,,,,,,,,,,,,,,,,,,,,,,,
NC_000913,"1,424,240",SNP,G→T,trkG,,Rac prophage; potassium transporter subunit,,,1567615,L153F (TTG→TTT),,,,,,,,0.33,,,,,,,,,,,,,,,,,,,,,,,,,,,,,,,,,,,,,,,,,,,,,,,,,,,,,,,,,,
NC_000913,"1,061,965",SNP,A→G,torD,,TorA-maturation chaperone,,,803714,E56G (GAG→GGG),,,,,,,,,0.35,,,,,,,,,,,,,,,,,,,,,,,,,,,,,,,,,,,,,,,,,,,,,,,,,,,,,,,,,
NC_000913,"1,726,155",SNP,T→G,nemR,,"transcriptional repressor for the nemRA-gloA operon, quinone-, glyoxal-, and HOCl-activated",,,802691,F45V (TTC→GTC),,,,,,,,,,,,,,,,,,,,,,,,,,,,,,,,,,,,,,,,,,,,,,,,,,,,,,,,,,,,,,0.55,,0.49,,
NC_000913,"1,445,981",SNP,T→G,ydbL,,DUF1318 family protein,,,803716,G34G (GGT→GGG),,0.29,,,,,,,0.32,,,,,,,,,,,,0.22,,,,,,,,,,,,,,,,,,,,,,,,,,,,,,,,,,,,,,,,,,,,,
NC_000913,"954,374",SNP,C→G,focA,,formate channel,,,802897,P31P (CCG→CCC),,,,,,,,,,,,,,,,,,,,,,,,,,,,,,,,,,,,,,,,,,,,0.23,,,,,,,,,,,,,,,,,,,,,,
NC_000913,"3,217,530",SNP,T→C,"yqjI, aer",,PadR family putative transcriptional regulator/fused signal transducer for aerotaxis sensory component/methyl accepting chemotaxis component,,,1567624,intergenic (+128/+26),,,,,,,,0.24,,,,,,,,,,,,,,,,,,,,,,,,,,,,,,,,,,,,,,,,,,,,,,,,,,,,,,,,,,
NC_000913,"3,398,941",SNP,A→G,mreC,,cell wall structural complex MreBCD transmembrane component MreC,,,1567625,S346S (TCT→TCC),,,,,,,,0.28,,,,,,,,,,,,,,,,,,,,,,,,,,,,,,,,,,,,,,,,,,,,,,,,,,,,,,,,,,
NC_000913,"2,023,796",DEL,Δ5 bp,"fliR, rcsA",,flagellar export pore protein/transcriptional regulator of colanic acid capsular biosynthesis,,,1566603,intergenic (+118/‑168),,,,,,,,,,,,,,,,,,,,,,,,,,,,,,,,,,,,,,,,,,,,,,,,,,,,,,,0.71,,,,,,,,,,,
NC_000913,"628,868",SNP,T→G,entA,,"2,3-dihydro-2,3-dihydroxybenzoate dehydrogenase",,,803213,G106G (GGT→GGG),,,,,,,,,,,,,,,,,,,,,,,,,,,,,,,,,,,,,0.25,,,,,,,,,,,,,,,,,,,,,,,,,,,,,
NC_000913,"2,154,491",SNP,T→C,mdtA,,"multidrug efflux system, subunit A",,,807822,L159P (CTC→CCC),,,,,,,,,,,,,,0.22,,,,,,,,,,,,,,,,,,,,,,,,,,,,,,,,,,,,,,,,,,,,,,,,,,,,
NC_000913,"989,943",SNP,T→G,pncB,,nicotinate phosphoribosyltransferase,,,803217,S138S (TCA→TCC),,,,,,,,,,,,,,,,,,,,,,,,,,,0.23,,,,,,0.27,,,,0.22,,,,,,,,,,,,,,,,,,,,,,,,,,,,,
NC_000913,"2,316,394",SNP,A→G,rcsB,,response regulator in two-component regulatory system with RcsC and YojN,,,1567634,Y73C (TAC→TGC),,,,,,,,,,,,,,,,,,,,,,,,,,,,,,,,,,,,,,,,,,,,,,,,,,,,,,0.39,,,,,,,,,,,,
NC_000913,"2,316,565",SNP,C→T,rcsB,,response regulator in two-component regulatory system with RcsC and YojN,,,1567635,T130I (ACC→ATC),,,,,,,,,,,,,,,,,,,,,,,,,,,,,,,,,,,,,,,,,,,,,,,,,,,,0.32,,,,,,,,,,,,,,
NC_000913,"4,421,183",SNP,A→C,ulaA,,L-ascorbate-specific enzyme IIC permease component of PTS,,,1567124,T402P (ACC→CCC),,,,,,,,,,,,,,,,,,,,,,,,,,,,,,,,,,,,,0.25,,,,,,,,,,,,,,,,,,,,,,,,,,,,,
NC_000913,"2,533,401",DEL,Δ10 bp,"cysK, ptsH",,"cysteine synthase A, O-acetylserine sulfhydrolase A subunit/phosphohistidinoprotein-hexose phosphotransferase component of PTS system (Hpr)",,,1567127,intergenic (+21/‑354),,,,,,,,,,,,,,,,,,,,,,,,,,,,0.48,,1.00,,,,,,,,,,,,,,,,,,,,,,,,,,,,,,,,,,,,
NC_000913,"1,259,760",MOB,Δ1 bp :: IS186 (–) +5 bp,dauA,,C4-dicarboxylic acid transporter,,,1567640,coding (1040‑1044/1680 nt),,,,,,,,,,,,,,,,,,,,,,,,,,,,0.40,1.00,,,,,,,,,,,,,,,,,,,,,,,,,,,,,,,,,,,,,
NC_000913,"729,695",SNP,T→G,rhsC,,Rhs protein with putative toxin domain; putative neighboring cell growth inhibitor,,,1567131,V38G (GTG→GGG),,,,,,,,,,,,,,,,,,,,,,,,,,,,,,,,,,,,,0.23,,,,,,,,,,,,,,,,,,,,,,,,,,,,,
NC_000913,"2,283,059",SNP,C→A,yejK,,spermidine nucleoid-associated protein,,,1567132,D297Y (GAT→TAT),,,,,,,,,,,,,,,,,,,,,,,,,,,,,,,,,,,,,0.27,,,,,,,,,,,,,,,,,,,,,,,,,,,,,
NC_000913,"3,745,397",SNP,A→C,yiaN,,"2,3-diketo-L-gulonate TRAP transporter large permease protein",,,1567456,L198F (TTA→TTC),,,,,,,,,,,,,,,,,,,,,,,,,,,,,,,,,,,,,,,0.22,,,,,,,,,,,,,,,,,,,,,,,,,,,
NC_000913,"4,001,645",DEL,Δ5 bp,corA,,magnesium/nickel/cobalt transporter,,,1112479,coding (220‑224/951 nt),1.00,1.00,1.00,1.00,1.00,1.00,1.00,0.94,1.00,1.00,1.00,1.00,1.00,1.00,1.00,1.00,1.00,1.00,1.00,1.00,1.00,1.00,1.00,1.00,1.00,1.00,1.00,1.00,1.00,1.00,1.00,1.00,1.00,1.00,1.00,1.00,1.00,1.00,1.00,1.00,1.00,1.00,1.00,1.00,1.00,1.00,1.00,1.00,1.00,1.00,1.00,1.00,1.00,1.00,1.00,1.00,1.00,1.00,1.00,1.00,1.00,1.00,1.00,1.00,1.00,1.00
NC_000913,"4,184,543",SNP,C→A,rpoB,,"RNA polymerase, beta subunit",,,1112480,P1100Q (CCG→CAG),1.00,1.00,1.00,1.00,1.00,1.00,1.00,1.00,1.00,1.00,1.00,1.00,1.00,1.00,1.00,1.00,1.00,1.00,1.00,1.00,1.00,1.00,1.00,1.00,1.00,1.00,1.00,1.00,1.00,1.00,1.00,1.00,1.00,1.00,1.00,1.00,1.00,1.00,1.00,1.00,1.00,1.00,1.00,1.00,1.00,1.00,1.00,1.00,1.00,1.00,1.00,1.00,1.00,1.00,1.00,1.00,1.00,1.00,1.00,1.00,1.00,1.00,1.00,1.00,1.00,1.00
NC_000913,"3,213,570",DEL,Δ48 bp,rpoD,,"RNA polymerase, sigma 70 (sigma D) factor",,,1567651,coding (524‑571/1842 nt),,,,,,,,,,,,,,,,,,,,,,,,,,,,0.46,1.00,,,,,,,,,,,,,,,,,,,,,,,,,,,,,,,,,,,,,
NC_000913,"12,484",SNP,C→A,dnaK,,"chaperone Hsp70, with co-chaperone DnaJ",,,804772,Q108K (CAG→AAG),,0.20,,,,,,,,,,,,,,,,,,,,,,,,,,,,,,,,,,,,,,,,,,,,,,,,,,,,,,,,,,,,,,,,
NC_000913,"2,139,187",SNP,T→G,yegH,,inner membrane protein,,,805115,V429G (GTG→GGG),,,,,,,,,,,,,,,,,,,,,,,,,,,,,,,,,0.21,,,,,,,,,,,,,,,,,,,,,,,,,,,,,,,,,
NC_000913,"3,836,839",MOB,IS5 (–) +4 bp,"yicT, setC",,pseudogene/putative arabinose efflux transporter,,,1567610,intergenic (+283/‑111),,,,,,,,,,,,,,,,,,,,,,,,,,,,,,,,0.48,0.31,,,,,,,,,,,,,,,,,,,,,,,,,,,,,,,,,
NC_000913,"3,862,673",SNP,G→A,glvC,,"pseudogene, arbutin specific enzyme IIC component of PTS;enzyme; Transport of small molecules: Carbohydrates, organic acids, alcohols; PTS system, arbutin-like IIB component; PTS system, arbutin-like IIC component",,,1567144,pseudogene (931/1617 nt),,,,,,,,,,,,,,,,,,,,,,,,,,,,,,,,0.44,,,,,,,,,,,,,,,,,,,,,,,,,,,,,,,,,,
NC_000913,"67,887",INS,+T,araA,,L-arabinose isomerase,,,801267,coding (451/1503 nt),,,,,,,,,,,,,,,,,,,,,,,,,,,,,,,,,,,,,,,,,,,,,,,,,,,,,,,0.66,,,,,,,,,,,
NC_000913,"2,536,312",MOB,Δ1 bp :: IS186 (+) +6 bp :: Δ1 bp,crr,,glucose-specific enzyme IIA component of PTS,,,1567047,coding (479‑484/510 nt),,,,,,,,,,,,,,,,,,,,,0.26,,,,,,,,,,,,,,,,0.27,0.69,0.63,1.00,1.00,1.00,,,,,,,,,,,,,,,,,,,,,,,,
NC_000913,"37,250",SNP,A→C,caiC,,putative crotonobetaine/carnitine-CoA ligase,,,803314,V192G (GTG→GGG),,,,,,,,,,,,,,0.22,,,,,,,,,,,,,,,,,,,,,,,,,,,,,,,,,,,,,,,,,,,,,,,,,,,,
NC_000913,"4,160,854",SNP,C→T,"sthA, fabR",,"pyridine nucleotide transhydrogenase, soluble/transcriptional repressor of fabA and fabB",,,1567150,intergenic (‑64/‑270),,,,,,,,,,,,,,,,,,,,0.21,0.44,0.48,,,,,,,,,,,,,,,,0.65,0.60,1.00,1.00,1.00,,,,,,,,,,,,,,,,,,,,,,,,
NC_000913,"37,255",SNP,A→C,caiC,,putative crotonobetaine/carnitine-CoA ligase,,,803315,G190G (GGT→GGG),,,,,,,0.27,,,,,,,,,,,,,,,,,,,,,,,,,,,,,,,,,,,,,,,,,,,,,,,,,,,,,,,,,,,
NC_000913,"4,201,278",SNP,A→C,zraP,,Zn-dependent periplasmic chaperone,,,1567094,G137G (GGT→GGG),,,0.21,,,,,,,,,,,,,,,,,,,,,,,,,,,,,,,,,,,,,,,,,,,,,,,,,,,,,,,,,,,,,,,
NC_000913,"766,738",SNP,A→G,mngA,,fused 2-O-a-mannosyl-D-glycerate specific PTS enzymes: IIA component/IIB component/IIC component,,,1567157,E252G (GAG→GGG),,,0.28,,,,,,,,,,,,,,,,,,,,,,,,,,,,,,,,,,,,,,,,,,,,,,,,,,,,,,,,,,,,,,,
NC_000913,"4,296,268",SNP,T→C,"gltP, yjcO",,glutamate/aspartate:proton symporter/Sel1 family TPR-like repeat protein,,,1105334,intergenic (+474/+168),,,,0.23,,,,,,0.29,,,,,,0.25,,,,0.21,,0.32,,,,,,0.34,,,,0.20,,0.30,,,,,,0.30,,,,,,0.21,,,,,,,,0.25,0.23,,0.22,0.25,,,,0.23,0.31,0.33,,0.25
NC_000913,"3,206,438",SNP,G→A,"ttdR, ttdA",,"transcriptional activator of ttdABT/L-tartrate dehydratase, alpha subunit",,,1121207,intergenic (‑182/‑25),,0.27,,,,,,,,,,,,,,,,,,,,,,,,,,,,,,0.31,,,,,,,,,,,,0.21,,,,,,,,,,,,,,,,,,,,,,
NC_000913,"3,760,384",SNP,A→C,selA,,selenocysteine synthase,,,1121210,V289G (GTG→GGG),,,,,,,,,,,,,,,,,,,,,,,,,,,,,,,0.27,,0.29,,,,0.27,0.22,,,,,,0.31,,,,,,,,,,,,,,,,,,,,,,
NC_000913,"3,862,661",SNP,T→G,glvC,,"pseudogene, arbutin specific enzyme IIC component of PTS;enzyme; Transport of small molecules: Carbohydrates, organic acids, alcohols; PTS system, arbutin-like IIB component; PTS system, arbutin-like IIC component",,,1121211,pseudogene (943/1617 nt),,,,,,,,,,,,,,,,,,,,,,,,,0.31,0.42,,,,,0.34,,0.20,,,,0.44,0.33,0.28,,,,0.26,,,,,,,,,,,,,,,,,,,,,,,
NC_000913,"4,296,381",INS,+GC,"gltP, yjcO",,glutamate/aspartate:proton symporter/Sel1 family TPR-like repeat protein,,,644028,intergenic (+587/+55),1.00,,,,1.00,1.00,,,,,1.00,1.00,,,,,1.00,1.00,,,,,1.00,1.00,,,,,1.00,1.00,,,,,1.00,1.00,,,,,1.00,1.00,,,,,1.00,1.00,,,,,,,,,,,,,,,,,,
NC_000913,"2,235,398",SNP,T→G,preA,,"dihydropyrimidine dehydrogenase, NADH-dependent, subunit C",,,1567165,V45G (GTG→GGG),,0.24,0.23,,,,,,,,,,,,,,,,,,,,,,,,,,,,,,,,,,,,,,,,,,,,,,,,,,,,,,,,,,,,,,,
NC_000913,"2,608,253",SNP,C→G,hyfF,,"hydrogenase 4, membrane subunit",,,1567679,A446G (GCG→GGG),,,,,,,,,,,,,,,,,,,,,0.26,,,,,,,,,,,,,,,,,,,,,,,,,,,,,,,,,,,,,,,,,,,,,
NC_000913,"3,551,917",SNP,A→C,malP,,maltodextrin phosphorylase,,,1567136,V186G (GTG→GGG),,,,,,,,,,,,,,0.22,,,,,,,,,,,,,,,,,,,,,,,,,,,,,,,,,,,,,,,,,,,,,,,,,,,,
NC_000913,"540,558",SNP,T→G,"allB, ybbY",,allantoinase/putative uracil/xanthine transporter,,,802763,intergenic (+50/‑7),,,,,,,,,,,,,,,,,,,,,,,,,,0.30,,,,,,,,,,,,,,,,,,,,,,,,,,,,,,,,,,,,,,,,
NC_000913,"3,289,078",SNP,C→A,yraJ,,putative outer membrane protein,,,1567185,Q89K (CAG→AAG),,,,,,,,,0.22,,,,,,,,,,,,,,,,,,,,,,,,,,,,,,,,,,,,,,,,,,,,,,,,,,,,,,,,,
NC_000913,"811,721",SNP,T→G,bioC,,"malonyl-ACP O-methyltransferase, SAM-dependent",,,784340,V67G (GTG→GGG),,,,,,,,,,,,,,,,,,,0.47,,,,,,0.31,,,,,,0.25,,,,,,,,,,,,,,,,,,,,,,,,,,,,,,,,,,,
NC_000913,"3,909,312",DEL,Δ774 bp,"[pstA],[pstC]",,"[pstA],[pstC]",,,1566876,,,,,,,,,,,,,,,,,,,,,,,,,,,,,,,,,,,,,,,,,,,,,,,,,,,,,,,,,,,,1.00,1.00,1.00,1.00,1.00,1.00,1.00,1.00
NC_000913,"3,499,609",SNP,A→C,yhfL,,small lipoprotein,,,1567702,A54A (GCA→GCC),,,,,,,,,,,,,,,,,,,,,0.23,,,,,,,,,,,,,,,,,,,,,,,,,,,,,,,,,,,,,,,,,,,,,
NC_000913,"4,319,404",SNP,A→C,phnJ,,"carbon-phosphorus lyase, SAM-dependent",,,1567225,V68G (GTG→GGG),,,,,,,,,0.23,,,,,,,,,,,,,,,,,,,,,,,,,,,,,,,,,,,,,,,,,,,,,,,,,,,,,,,,,
NC_000913,"458,790",MOB,IS186 (–) +6 bp :: Δ1 bp,"clpX, lon",,ATPase and specificity subunit of ClpX-ClpP ATP-dependent serine protease/DNA-binding ATP-dependent protease La,,,1197241,intergenic (+90/‑93),,0.52,0.81,1.00,1.00,1.00,0.48,1.00,1.00,1.00,1.00,1.00,0.42,1.00,1.00,1.00,1.00,1.00,0.44,0.81,0.63,1.00,1.00,1.00,0.33,0.89,,1.00,1.00,1.00,0.42,0.89,0.87,,,,0.32,0.33,0.38,,,,0.44,0.84,0.72,,,,,,,,,,,,,,,,,,,,,
NC_000913,"2,508,136",SNP,A→C,fryB,,putative enzyme IIB component of PTS,,,1567311,V36G (GTG→GGG),,,,,,,,,,,,,,,,,,,0.22,,,,,,,,,,,,,,,,,,,,,,,,,,,,,,,,,,,,,,,,,,,,,,,
NC_000913,"1,979,486",MOB,IS5 (+) +4 bp,"insA, uspC",,IS1 repressor TnpA/universal stress protein,,,673244,intergenic (‑271/‑264),1.00,1.00,1.00,1.00,1.00,1.00,1.00,1.00,1.00,1.00,1.00,1.00,1.00,1.00,1.00,1.00,1.00,1.00,1.00,1.00,1.00,1.00,1.00,1.00,1.00,1.00,1.00,1.00,1.00,1.00,1.00,1.00,1.00,1.00,1.00,1.00,1.00,1.00,1.00,1.00,1.00,1.00,1.00,1.00,1.00,1.00,1.00,1.00,1.00,1.00,1.00,1.00,1.00,1.00,1.00,1.00,1.00,1.00,1.00,1.00,1.00,1.00,1.00,1.00,1.00,1.00
NC_000913,"71,877",SNP,A→G,yabI,,DedA family inner membrane protein,,,802269,E176G (GAG→GGG),,,,,,,,,,,,,,0.25,0.27,,,,0.32,,,,,,,,,,,,,,,,,,,,,,,,,,,,,,,,,,,,,,,,,,,,,,,
NC_000913,"3,499,651",SNP,G→T,"yhfL, frlA",,small lipoprotein/putative fructoselysine transporter,,,1567198,intergenic (+36/‑259),,,0.23,,,,,,,,,,,,,,,,,,,,,,,,,,,,,,,,,,,,,,,,,,,,,,,,,,,,,,,,,,,,,,,
NC_000913,"701,374",SNP,C→T,nagC,,N-acetylglucosamine-inducible nag divergent operon transcriptional repressor,,,804997,R74H (CGC→CAC),,,,,,,,,,,,,,,,,,,,,,,,,,,,,,,,,,,,,,,,,,,,,,,,,,,,,,,,,,,,0.45,,,,,,
NC_000913,"429,830",SNP,T→G,secF,,SecYEG protein translocase auxillary subunit,,,802275,V109G (GTG→GGG),,,,,,,0.22,,,,,,,,,,,,,,,,,,,,,,,,,,,,,,,,,,,,,,,,,,,,,,,,,,,,,,,,,,,
NC_000913,"3,765,494",SNP,T→G,rhsA,,Rhs protein with putative toxin 55 domain; putative polysaccharide synthesis/export protein; putative neighboring cell growth inhibitor,,,1567204,S1104R (AGT→AGG),,,0.26,,,,,,,,,,,,,,,,,,,,,,,,,,,,,,,,,,,,,,,,,,,,,,,,,,,,,,,,,,,,,,,
NC_000913,"647,210",SNP,A→C,citG,,2-(5''-triphosphoribosyl)-3'-dephosphocoenzyme-A synthase,,,802277,G100G (GGT→GGG),,,,,,,,,,,,,,,,,,,0.24,0.21,,,,,,,,,,,,,,,,,,,,,,,,,,,,,,,,,,,,,,,,,,,,,,
NC_000913,"2,151,689",SNP,G→T,"yegJ, yegK",,uncharacterized protein/ser/thr phosphatase-related protein,,,784358,intergenic (+43/+22),,,,,,,,,,,,,,,,,,,,,,,,,0.32,0.32,0.27,,,,0.30,,,,,,0.39,0.32,0.28,,,,,,,,,,,,,,,,,,,,,,,,,,,
NC_000913,"2,504,652",SNP,A→C,ypdE,,aminopeptidase,,,1566947,V299G (GTG→GGG),,,,,,,,,,,,,0.28,,,,,,,,,,,,,,,,,,,,,,,,,,,,,,,,,,,,,,,,,,,,,,,,,,,,,
NC_000913,"3,782,913",SNP,A→C,gpsA,,glycerol-3-phosphate dehydrogenase (NAD+),,,1121256,V250G (GTG→GGG),,,,,,,,,,,,,,,,,,,,0.38,,,,,,,,,,,,,,,,,,,,,,,,,,,,,,,,,,,,,,,,,,,,,,
NC_000913,"3,862,662",SNP,T→G,glvC,,"pseudogene, arbutin specific enzyme IIC component of PTS;enzyme; Transport of small molecules: Carbohydrates, organic acids, alcohols; PTS system, arbutin-like IIB component; PTS system, arbutin-like IIC component",,,1121258,pseudogene (942/1617 nt),,,,,,,,,,,,,,,,,,,,,,,,,0.21,,,,,,,,0.28,,,,,,,,,,,,,,,,,,,,,,,,,,,,,,,,,
NC_000913,"1,058,486",SNP,T→C,torC,,"trimethylamine N-oxide (TMAO) reductase I, cytochrome c-type subunit",,,802284,S135P (TCG→CCG),,,,,,,,,,,,,,0.23,,,,,,,,,,,,,,,,,,,,,,,,,,,,,,,,,,,,,,,,,,,,,,,,,,,,
NC_000913,"1,158,048",SNP,A→C,ptsG,,fused glucose-specific PTS enzymes: IIB component/IIC component,,,802286,P60P (CCA→CCC),,,,,,,,,,,,,,,,,,,0.26,,,,,,,,,,,,,,,,,,,,,,,,,,,,,,,,,,,,,,,,,,,,,,,
NC_000913,"2,600,870",DEL,Δ2 bp,bcp,,"peroxiredoxin; thiol peroxidase, thioredoxin-dependent",,,1567527,coding (393‑394/471 nt),,,,,,,,,,,1.00,,,,,,,,,,,,,,,,,,,,,,,,,,,,,,,,,,,,,,,,,,,,,,,,,,,,,,,
NC_000913,"4,452,852",SNP,A→G,ytfT,,putative sugar ABC transporter permease,,,1567730,G94G (GGA→GGG),,,,,,,,,,,,,,,,,,,,,0.30,,,,,,,,,,,,,,,,,,,,,,,,,,,,,,,,,,,,,,,,,,,,,
NC_000913,"4,049,886",SNP,T→C,"polA, spf",,"5' to 3' DNA polymerase and 3' to 5'/5' to 3' exonuclease/Spot 42 sRNA antisense regulator of galK translation, Hfq-dependent",,,1567059,intergenic (+134/‑13),,,,,,,,,,,,,,,,,,,,,,1.00,1.00,1.00,,,,,,,,,,,,,,,,,,,,,,,,,,,,,,,,,,,,,,,,,,
NC_000913,"1,825,164",SNP,A→T,spy,,"periplasmic ATP-independent protein refolding chaperone, stress-induced",,,802295,G154G (GGT→GGA),,,,,,,,,,,,,,,,,,,,0.27,,,,,,,,,,,,,,,,,,,,,,,,,,,,,,,,,,,,,,,,,,,,,,
NC_000913,"4,594,550",SNP,C→G,lgoT,,putative L-galactonate:H+ symporter,,,1567572,R58P (CGC→CCC),,,,,,,0.21,,,,,,,,,,,,,,,,,,,,,,,,,,,,,,,,,,,,,,,,,,,,,,,,,,,,,,,,,,,
NC_000913,"4,049,859",MOB,IS2 (–) +5 bp,"polA, spf",,"5' to 3' DNA polymerase and 3' to 5'/5' to 3' exonuclease/Spot 42 sRNA antisense regulator of galK translation, Hfq-dependent",,,1567749,intergenic (+107/‑36),,,,,,,,,,,,,,,,0.83,,,,,,,,,,,,,,,,,,,,,,,,,,,,,,,,,,,,,,,,,,,,,,,,,,
